ticker,label,k_question,pm_question,k_ticker,pm_token_id,spread,k_price,pm_price,k_volume,pm_volume,total_volume,k_url,pm_url,category,office,region,year
BWR-TRUMP-VISIT-VA-PHYSICAL_PRESENCE-ANY-2026,"Will Donald Trump visit Virginia before Jan 1, 2027?","Will Donald Trump visit Virginia before Jan 1, 2027?",Will Donald Trump visit Virginia in 2026?,KXTRUMPSTATES-27JAN01-VA,261458002604587076860238256715049516062978719263444185441796938230932185420,0.247,0.89,0.643,0.0,4012.57063,4012.57063,https://kalshi.com/events/KXTRUMPSTATES-27JAN01,https://polymarket.com/event/which-states-will-donald-trump-visit-in-2026,13. TIMING_EVENTS,,north_america,
BWR-GOP-WIN-HOUSE_PA10-CERTIFIED-ANY-2026,Will Republican win the House race for PA-10?,Will Republican win the House race for PA-10?,Will the Republican Party win the PA-10 House seat?,HOUSEPA10-26-R,103572160941197360900419917573086716527751112441366358755475598989264153655130,0.24,0.3,0.06,4115.0,0.0,4115.0,https://kalshi.com/events/HOUSEPA10-26,https://polymarket.com/event/pa-10-house-election-winner,1. ELECTORAL,House,north_america,2026
BWR-BOC-HIKE-OVERNIGHT_RATE-SPECIFIC_MEETING-25BPS-APR2026,Will Bank of Canada Hike rates by 25bps at their April 2026 meeting?,Will Bank of Canada Hike rates by 25bps at their April 2026 meeting?,Will the Bank of Canada announce an increase at the April meeting?,KXCBDECISIONCANADA-26APR-H25,45596048548043698274826958771906571865815842731167945252797272639732314108612,0.238,0.25,0.012,479.0,0.0,479.0,https://kalshi.com/events/KXCBDECISIONCANADA-26APR,https://polymarket.com/event/bank-of-canada-decision-in-april,2. MONETARY_POLICY,,north_america,
BWR-BOJ-HIKE-INTEREST_RATE-SPECIFIC_MEETING-25BPS-JUN2026,Will the Bank of Japan Hike 25bps at the June 2026 Monetary Policy Meeting?,Will the Bank of Japan Hike 25bps at the June 2026 Monetary Policy Meeting?,Bank of Japan increases interest rates by 25 bps after the June 2026 meeting?,KXCBDECISIONJAPAN-26JUN15-H25,109766947234377630038218036236758681480305330119718644003616435879479543570431,0.222,0.0,0.222,0.0,0.0,0.0,https://kalshi.com/events/KXCBDECISIONJAPAN-26JUN15,,2. MONETARY_POLICY,,asia,
BWR-DEM-WIN-HOUSE_CA_22-CERTIFIED-ANY-2026,Will Democratic win the House race for CA-22?,Will Democratic win the House race for CA-22?,Will the Democratic Party win the CA-22 House seat?,HOUSECA22-26-D,14880392203916951367210594044346675783187280368615720213876603794661640957466,0.20999999999999996,0.73,0.52,8598.0,173.75279,8771.75279,https://kalshi.com/events/HOUSECA22-26,https://polymarket.com/event/which-party-will-win-the-house-race-for-the-ca-22-seat,1. ELECTORAL,House,north_america,2026
BWR-TRUMP-VISIT-HI-PHYSICAL_PRESENCE-ANY-2026,"Will Donald Trump visit Hawaii before Jan 1, 2027?","Will Donald Trump visit Hawaii before Jan 1, 2027?",Will Donald Trump visit Hawaii in 2026?,KXTRUMPSTATES-27JAN01-HI,37820522853307419797318933075070496878255836473748713690533722888676105946387,0.18000000000000002,0.27,0.09,1716.0,209.240121,1925.240121,https://kalshi.com/events/KXTRUMPSTATES-27JAN01,https://polymarket.com/event/which-states-will-donald-trump-visit-in-2026,13. TIMING_EVENTS,,north_america,
BWR-BISHOP-WIN-GOV_AK-CERTIFIED-ANY-2026,Who will win the governorship in Alaska?,Who will win the governorship in Alaska?,Will Click Bishop win the 2026 Alaska governor election?,KXGOVAK-26-CBIS,39154002125405197763794707136923968604358387984246909531145654626829957893230,0.154,0.16,0.006,4503.0,0.0,4503.0,https://kalshi.com/events/KXGOVAK-26,https://polymarket.com/event/alaska-governor-election-winner,1. ELECTORAL,Governor,north_america,2026
BWR-TRUMP-VISIT-AZ-PHYSICAL_PRESENCE-ANY-2026,"Will Donald Trump visit Arizona before Jan 1, 2027?","Will Donald Trump visit Arizona before Jan 1, 2027?",Will Donald Trump visit Arizona in 2026?,KXTRUMPSTATES-27JAN01-AZ,89982087722212365752419857329945613392396823855468319304197202145358138341194,0.15000000000000002,0.88,0.73,0.0,0.0,0.0,https://kalshi.com/events/KXTRUMPSTATES-27JAN01,https://polymarket.com/event/which-states-will-donald-trump-visit-in-2026,13. TIMING_EVENTS,,north_america,
BWR-TRUMP-MEET-LEO_XIV-IN_PERSON-ANY-2026,"Will Donald Trump meet in person Pope Leo XIV before Jan 1, 2027?","Will Donald Trump meet in person Pope Leo XIV before Jan 1, 2027?",Will Trump meet with Pope Leo XIV in 2026?,KXTRUMPMEETING-27JAN01-NPXIV,65010487040936466597267185412491985361570642285166438358723811499766235473448,0.15,0.37,0.22,17431.0,0.0,17431.0,https://kalshi.com/events/KXTRUMPMEETING-27JAN01,https://polymarket.com/event/who-will-trump-meet-with-in-2026,13. TIMING_EVENTS,,north_america,
BWR-TRUMP-VISIT-NY-PHYSICAL_PRESENCE-ANY-2026,"Will Donald Trump visit New York before Jan 1, 2027?","Will Donald Trump visit New York before Jan 1, 2027?",Will Donald Trump visit New York in 2026?,KXTRUMPSTATES-27JAN01-NY,104972395493394735449286062755999534012653892104083993578636964087080698004996,0.14900000000000002,0.9,0.751,2100.0,0.0,2100.0,https://kalshi.com/events/KXTRUMPSTATES-27JAN01,https://polymarket.com/event/which-states-will-donald-trump-visit-in-2026,13. TIMING_EVENTS,,north_america,
BWR-DEM-WIN-GOV_VT-CERTIFIED-ANY-2026,Will the Democratic party win the governorship in Vermont,Will the Democratic party win the governorship in Vermont,Will the Democrats win the Vermont governor race in 2026?,GOVPARTYVT-26-D,60184991030711150053889856154789765911962237408503307206289529109604385579009,0.13,0.21,0.08,984.0,0.0,984.0,https://kalshi.com/events/GOVPARTYVT-26,https://polymarket.com/event/vermont-governor-winner-2026,1. ELECTORAL,Governor,north_america,2026
BWR-GOP-WIN-HOUSE_VA06-CERTIFIED-ANY-2026,Will Republican win the House race for VA-06?,Will Republican win the House race for VA-06?,Will the Republican Party win the VA-06 House seat?,KXHOUSERACE-VA06-26-R,87070266205280669631033154073356032017117681486553345090644439108517821328475,0.11999999999999997,0.29,0.17,2595.0,7773.002694000001,10368.002694,https://kalshi.com/events/KXHOUSERACE-VA06-26,https://polymarket.com/event/va-06-house-election-winner,1. ELECTORAL,House,north_america,2026
BWR-GOP-WIN-HOUSE_TX34-CERTIFIED-ANY-2026,Will Republican win the House race for TX-34?,Will Republican win the House race for TX-34?,Will the Republican Party win the TX-34 House seat?,HOUSETX34-26-R,69431332427221929906617558332858599082956409597109125750789238381415231660741,0.11000000000000001,0.33,0.22,6577.0,0.0,6577.0,https://kalshi.com/events/HOUSETX34-26,https://polymarket.com/event/tx-34-house-election-winner,1. ELECTORAL,House,north_america,2026
BWR-TRUMP-MEET-KIM-IN_PERSON-ANY-2026,"Will Donald Trump meet in person Kim Jong Un before Jan 1, 2027?","Will Donald Trump meet in person Kim Jong Un before Jan 1, 2027?",Will Trump meet with Kim Jong Un in 2026?,KXTRUMPMEETING-27JAN01-NKJU,19498086334837117662313425627954796042138275594291936116717226540039067277361,0.11000000000000001,0.28,0.17,10125.0,7182.155430000001,17307.15543,https://kalshi.com/events/KXTRUMPMEETING-27JAN01,https://polymarket.com/event/who-will-trump-meet-with-in-2026,6. INTERNATIONAL,,north_america,
BWR-GOP-WIN-HOUSE_IN01-CERTIFIED-ANY-2026,Will a Republican win the House race for IN-1?,Will a Republican win the House race for IN-1?,Will the Republican Party win the IN-01 House seat?,HOUSEIN1-26-R,22030065740164700928038468784540592655625559910021860526489310133305636885909,0.11,0.19,0.08,3985.0,0.0,3985.0,https://kalshi.com/events/HOUSEIN1-26,https://polymarket.com/event/in-01-house-election-winner,1. ELECTORAL,House,north_america,2026
BWR-TRUMP-VISIT-DE-PHYSICAL_PRESENCE-ANY-2026,"Will Donald Trump visit Germany before Jan 1, 2027?","Will Donald Trump visit Germany before Jan 1, 2027?",Will Donald Trump visit Germany in 2026?,KXTRUMPCOUNTRIES-27JAN01-GER,110859084351224598102665068250877030522446091794505995303397670821160821637185,0.10999999999999999,0.45,0.34,5981.0,7444.57001,13425.57001,https://kalshi.com/events/KXTRUMPCOUNTRIES-27JAN01,https://polymarket.com/event/which-countries-will-donald-trump-visit-in-2026,6. INTERNATIONAL,,europe,
BWR-GOP-WIN-HOUSE_TX35-CERTIFIED-ANY-2026,Will Republican win the House race for TX-35?,Will Republican win the House race for TX-35?,Will the Republican Party win the TX-35 House seat?,KXHOUSETX35-26-R,96980372047003520505526503615842060406979095885695228562228782836801789185916,0.10000000000000003,0.45,0.35,3864.0,457.7172199999999,4321.7172199999995,https://kalshi.com/events/KXHOUSETX35-26,https://polymarket.com/event/tx-35-house-election-winner,1. ELECTORAL,House,north_america,2026
BWR-GOP-WIN-GOV_WI-CERTIFIED-ANY-2026,Will the Republican party win the governorship in Wisconsin,Will the Republican party win the governorship in Wisconsin,Will the Republicans win the Wisconsin governor race in 2026?,GOVPARTYWI-26-R,110568426700454908727813010666782278712329569099119457880819387703511785225289,0.1,0.25,0.15,8915.0,0.0,8915.0,https://kalshi.com/events/GOVPARTYWI-26,https://polymarket.com/event/wisconsin-governor-winner-2026,1. ELECTORAL,Governor,north_america,2026
BWR-DEM-WIN-HOUSE_AK_AL-CERTIFIED-ANY-2026,Will Democratic win the House race for AK-AL?,Will Democratic win the House race for AK-AL?,Will the Democratic Party win the AK-AL House seat?,HOUSEAKAL-26-D,106387119478622283441026286722849456868957395499329392203969838246317853715637,0.1,0.32,0.22,6785.0,245.5,7030.5,https://kalshi.com/events/HOUSEAKAL-26,https://polymarket.com/event/ak-al-house-election-winner,1. ELECTORAL,House,north_america,2026
BWR-SC_BROWN-WIN-GOP_NOM_SEN_NH-PRIMARY-ANY-2026,Wil Scott Brown be the Republican nominee for the Senate in New Hampshire?,Wil Scott Brown be the Republican nominee for the Senate in New Hampshire?,Will Scott Brown be the Republican nominee for Senate in New Hampshire?,KXSENATENHR-26-SB,27028680342024393483714279597883711390072562319514614839345830331983627328733,0.095,0.1,0.005,17066.0,0.0,17066.0,https://kalshi.com/events/KXSENATENHR-26,https://polymarket.com/event/new-hampshire-republican-senate-primary-winner-296,1. ELECTORAL,Senate,north_america,2026
BWR-GOP-WIN-GOV_IA-CERTIFIED-ANY-2026,Will the Republican party win the governorship in Iowa,Will the Republican party win the governorship in Iowa,Will the Republicans win the Iowa governor race in 2026?,GOVPARTYIA-26-R,35744753605838865227961720864928711626409257515092566128191701940968999011763,0.09000000000000002,0.46,0.37,33516.0,11044.058992000002,44560.058992000006,https://kalshi.com/events/GOVPARTYIA-26,https://polymarket.com/event/iowa-governor-winner-2026,1. ELECTORAL,Governor,north_america,2026
BWR-GOP-WIN-HOUSE_OH13-CERTIFIED-ANY-2026,Will Republican win the House race for OH-13?,Will Republican win the House race for OH-13?,Will the Republican Party win the OH-13 House seat?,HOUSEOH13-26-R,76419687999676909141959965537125542123428095649759940585169549698779656868744,0.09,0.15,0.06,2193.0,0.0,2193.0,https://kalshi.com/events/HOUSEOH13-26,https://polymarket.com/event/oh-13-house-election-winner,1. ELECTORAL,House,north_america,2026
BWR-GOP-WIN-HOUSE_UT03-CERTIFIED-ANY-2026,Will Republican win the House race for UT-03?,Will Republican win the House race for UT-03?,Will the Republican Party win the UT-03 House seat?,KXHOUSEUT03-26-R,3923148870870111011261789760917417463979550486151578613478490898499891475496,0.08999999999999997,0.87,0.78,4441.0,0.0,4441.0,https://kalshi.com/events/KXHOUSEUT03-26,https://polymarket.com/event/ut-03-house-election-winner,1. ELECTORAL,House,north_america,2026
BWR-GOP-WIN-HOUSE_TN07-CERTIFIED-ANY-2026,Will Republican win the House race for TN-07?,Will Republican win the House race for TN-07?,Will the Republican Party win the TN-07 House seat?,KXHOUSERACE-TN07-26-R,108435435156169780511802105123559082298215299373504251103377970956623189780379,0.08999999999999997,0.96,0.87,3.0,0.0,3.0,https://kalshi.com/events/KXHOUSERACE-TN07-26,https://polymarket.com/event/tn-07-house-election-winner,1. ELECTORAL,House,north_america,2026
BWR-TRUMP-VISIT-TW-PHYSICAL_PRESENCE-ANY-2026,"Will Donald Trump visit Taiwan before Jan 1, 2027?","Will Donald Trump visit Taiwan before Jan 1, 2027?",Will Donald Trump visit Taiwan in 2026?,KXTRUMPCOUNTRIES-27JAN01-TAI,109935119827597597754008718880016120913965810481393706247560065379293680289585,0.089,0.11,0.021,31128.0,3898.250806000001,35026.250806000004,https://kalshi.com/events/KXTRUMPCOUNTRIES-27JAN01,https://polymarket.com/event/which-countries-will-donald-trump-visit-in-2026,6. INTERNATIONAL,,north_america,
BWR-GOP-WIN-HOUSE_GA07-CERTIFIED-ANY-2026,Will Republican win the House race for GA-07?,Will Republican win the House race for GA-07?,Will the Republican Party win the GA-07 House seat?,KXHOUSERACE-GA07-26-R,40175477873205534291803272100440407729292650174524862584432986239438169710120,0.08000000000000007,0.92,0.84,68.0,0.0,68.0,https://kalshi.com/events/KXHOUSERACE-GA07-26,https://polymarket.com/event/ga-07-house-election-winner,1. ELECTORAL,House,north_america,2026
BWR-TRUMP-VISIT-RU-PHYSICAL_PRESENCE-ANY-2026,"Will Donald Trump visit Russia before Jan 1, 2027?","Will Donald Trump visit Russia before Jan 1, 2027?",Will Donald Trump visit Russia in 2026?,KXTRUMPCOUNTRIES-27JAN01-RUS,112508281453536200556149529390707211810985606665838848298111320297159965804567,0.08000000000000002,0.27,0.19,4991.0,0.0,4991.0,https://kalshi.com/events/KXTRUMPCOUNTRIES-27JAN01,https://polymarket.com/event/which-countries-will-donald-trump-visit-in-2026,6. INTERNATIONAL,,north_america,
BWR-TRUMP-VISIT-TR-PHYSICAL_PRESENCE-ANY-2026,"Will Donald Trump visit Turkey before Jan 1, 2027?","Will Donald Trump visit Turkey before Jan 1, 2027?",Will Donald Trump visit Turkey in 2026?,KXTRUMPCOUNTRIES-27JAN01-TUR,80565662128011357962455571983404475296941157466178826606369369682747118038961,0.08000000000000002,0.5,0.42,15974.0,0.0,15974.0,https://kalshi.com/events/KXTRUMPCOUNTRIES-27JAN01,https://polymarket.com/event/which-countries-will-donald-trump-visit-in-2026,6. INTERNATIONAL,,north_america,
BWR-MDB-WIN-SENATE_BR-CERTIFIED-ANY-2026,Will Brazilian Democratic Movement win the 2026 Brazilian Senate election?,Will Brazilian Democratic Movement win the 2026 Brazilian Senate election?,Will Movimento Democrático Brasileiro (MDB) win the most seats in the next Brazilian Senate election?,KXBRAZILSENATE-26OCT04-MDB,27947604342706399261869707995787414909519341577130861335067519664006836817676,0.08,0.02,0.1,15.0,0.0,15.0,https://kalshi.com/events/KXBRAZILSENATE-26OCT04,https://polymarket.com/event/next-brazil-senate-election-most-seats-won,1. ELECTORAL,Parliament,south_america,2026
BWR-GOP-WIN-HOUSE_VA05-CERTIFIED-ANY-2026,Will Republican win the House race for VA-05?,Will Republican win the House race for VA-05?,Will the Republican Party win the VA-05 House seat?,KXHOUSERACE-VA05-26-R,83253007588985953900662535978265304048199216427463571583210985764316132662845,0.07999999999999999,0.29,0.21,1610.0,6622.123596999998,8232.123596999998,https://kalshi.com/events/KXHOUSERACE-VA05-26,https://polymarket.com/event/va-05-house-election-winner,1. ELECTORAL,House,north_america,2026
BWR-GOP-WIN-GOV_FL-CERTIFIED-ANY-2026,Will the Republican party win the governorship in Florida,Will the Republican party win the governorship in Florida,Will the Republicans win the Florida governor race in 2026?,GOVPARTYFL-26-R,107409796822153809778143872196236532785178617102787858261374110829112218839748,0.07999999999999996,0.76,0.68,19819.0,0.0,19819.0,https://kalshi.com/events/GOVPARTYFL-26,https://polymarket.com/event/florida-governor-winner-2026,1. ELECTORAL,Governor,north_america,2026
BWR-GOP-WIN-GOV_GA-CERTIFIED-ANY-2026,Will the Republican party win the governorship in Georgia,Will the Republican party win the governorship in Georgia,Will the Republicans win the Georgia governor race in 2026?,GOVPARTYGA-26-R,17555504943162344098534978138053308162738914357892515623100381936995379845407,0.07999999999999996,0.47,0.39,16226.0,10271.633811000009,26497.633811000007,https://kalshi.com/events/GOVPARTYGA-26,https://polymarket.com/event/georgia-governor-winner-2026,1. ELECTORAL,Governor,north_america,2026
BWR-DEM-WIN-HOUSE_IL_17-CERTIFIED-ANY-2026,Will a Democrat win the House race for IL-17?,Will a Democrat win the House race for IL-17?,Will the Democratic Party win the IL-17 House seat?,HOUSEIL17-26-D,26171734240618645516324503767249447123367690718138779413343534699327358751805,0.07999999999999996,0.88,0.8,1420.0,0.0,1420.0,https://kalshi.com/events/HOUSEIL17-26,https://polymarket.com/event/il-17-house-election-winner,1. ELECTORAL,House,north_america,2026
BWR-GOP-WIN-HOUSE_SC07-CERTIFIED-ANY-2026,Will Republican win the House race for SC-07?,Will Republican win the House race for SC-07?,Will the Republican Party win the SC-07 House seat?,KXHOUSERACE-SC07-26-R,96580445079668683787368085070582364594702719841272426188104847420199646364705,0.07999999999999996,0.97,0.89,8217.0,0.0,8217.0,https://kalshi.com/events/KXHOUSERACE-SC07-26,https://polymarket.com/event/sc-07-house-election-winner,1. ELECTORAL,House,north_america,2026
BWR-GOP-WIN-HOUSE_TX36-CERTIFIED-ANY-2026,Will Republican win the House race for TX-36?,Will Republican win the House race for TX-36?,Will the Republican Party win the TX-36 House seat?,KXHOUSERACE-TX36-26-R,28447198635554099262973905217726367470243680945205937032068258346722106906223,0.07999999999999996,0.95,0.87,59.0,2134.622856,2193.622856,https://kalshi.com/events/KXHOUSERACE-TX36-26,https://polymarket.com/event/tx-36-house-election-winner,1. ELECTORAL,House,north_america,2026
BWR-NETANYAHU-LEAVE-PM_IL-ANY_MEANS-ANY-2026,"Will Benjamin Netanyahu leave Prime Minister of Israel before Jan 1, 2027?","Will Benjamin Netanyahu leave Prime Minister of Israel before Jan 1, 2027?",Netanyahu out by end of 2026?,KXLEADERSOUT-27JAN01-BNETISR,114694726451307654528948558967898493662917070661203465131156925998487819889437,0.07999999999999996,0.27,0.35,117525.0,417760.1995220005,535285.1995220005,https://kalshi.com/events/KXLEADERSOUT-27JAN01,https://polymarket.com/event/netanyahu-out-before-2027,6. INTERNATIONAL,,middle_east,
BWR-TAYLOR-WIN-GOV_AK-CERTIFIED-ANY-2026,Who will win the governorship in Alaska?,Who will win the governorship in Alaska?,Will Treg Taylor win the 2026 Alaska governor election?,KXGOVAK-26-TTAY,93969985011170776056000925561172416309286101442856109696106983204369499012978,0.078,0.11,0.032,2082.0,2242.110399,4324.110399,https://kalshi.com/events/KXGOVAK-26,https://polymarket.com/event/alaska-governor-election-winner,1. ELECTORAL,Governor,north_america,2026
BWR-GOP-WIN-HOUSE_FL02-CERTIFIED-ANY-2026,Will Republican win the House race for FL-02?,Will Republican win the House race for FL-02?,Will the Republican Party win the FL-02 House seat?,KXHOUSERACE-FL02-26-R,54702326895469204251772029072335229338384845206963136614108005629884908128243,0.07000000000000006,0.9,0.83,13.0,494.91836699999993,507.91836699999993,https://kalshi.com/events/KXHOUSERACE-FL02-26,https://polymarket.com/event/fl-02-house-election-winner,1. ELECTORAL,House,north_america,2026
BWR-DEM-WIN-HOUSE_GA-02-CERTIFIED-ANY-2026,Will Democratic win the House race for GA-02?,Will Democratic win the House race for GA-02?,Will the Democratic Party win the GA-02 House seat?,KXHOUSERACE-GA02-26-D,19606361507228583496697532968311671202824580545845457919639287792278838929378,0.07000000000000006,0.93,0.86,0.0,0.0,0.0,https://kalshi.com/events/KXHOUSERACE-GA02-26,https://polymarket.com/event/ga-02-house-election-winner,1. ELECTORAL,House,north_america,2026
BWR-GOP-WIN-HOUSE_GA-12-CERTIFIED-ANY-2026,Will Republican win the House race for GA-12?,Will Republican win the House race for GA-12?,Will the Republican Party win the GA-12 House seat?,KXHOUSERACE-GA12-26-R,101804221129923221311468014764974740374334424163195744719593146528253694482543,0.07000000000000006,0.91,0.84,65.0,0.0,65.0,https://kalshi.com/events/KXHOUSERACE-GA12-26,https://polymarket.com/event/ga-12-house-election-winner,1. ELECTORAL,House,north_america,2026
BWR-DEM-WIN-GOV_NE-CERTIFIED-ANY-2026,Will the Democratic party win the governorship in Nebraska,Will the Democratic party win the governorship in Nebraska,Will the Democrats win the Nebraska governor race in 2026?,GOVPARTYNE-26-D,3466069051818884243073756614952529401222377791973010490050674378116587529746,0.07,0.13,0.06,6546.0,0.0,6546.0,https://kalshi.com/events/GOVPARTYNE-26,https://polymarket.com/event/nebraska-governor-winner-2026,1. ELECTORAL,Governor,north_america,2026
BWR-WAHLS-WIN-DEM_NOM_SEN_IA-PRIMARY-ANY-2026,Wil Zach Wahls be the Democratic nominee for the Senate in Iowa?,Wil Zach Wahls be the Democratic nominee for the Senate in Iowa?,Will Zach Wahls be the Democratic nominee for Senate in Iowa?,KXKXSENATEIAD-26-ZWAH,114162217142661657080890602267941443730892731734150839490862446811032082650625,0.07,0.45,0.38,8464.0,0.0,8464.0,https://kalshi.com/events/KXKXSENATEIAD-26,https://polymarket.com/event/iowa-democratic-senate-primary-winner,1. ELECTORAL,Senate,north_america,2026
BWR-TRUMP-RUN-PRES-ANNOUNCED-ANY-2027,"Will Donald Trump announce a run for President of the United States before Jan 1, 2028?","Will Donald Trump announce a run for President of the United States before Jan 1, 2028?",Will Donald Trump announce a presidential run before 2027?,KXTRUMPRUN-28JAN01,73778671151221823228565204446684540625718478778373174376241975813038672662442,0.07,0.14,0.07,20015.0,4840.780056000004,24855.780056000003,https://kalshi.com/events/KXTRUMPRUN,https://polymarket.com/event/who-will-announce-presidential-run-before-2027,1. ELECTORAL,President,north_america,2028
BWR-DEM-WIN-HOUSE_NC08-CERTIFIED-ANY-2026,Will Democratic win the House race for NC-08?,Will Democratic win the House race for NC-08?,Will the Democratic Party win the NC-08 House seat?,KXHOUSERACE-NC08-26-D,41010016188400602482989788571991372330446713911761481656058699042793990976218,0.07,0.04,0.11,757.0,0.0,757.0,https://kalshi.com/events/KXHOUSERACE-NC08-26,https://polymarket.com/event/nc-08-house-election-winner,1. ELECTORAL,House,north_america,2026
BWR-GOP-WIN-GOV_MA-CERTIFIED-ANY-2026,Will the Republican party win the governorship in Massachusetts,Will the Republican party win the governorship in Massachusetts,Will the Republicans win the Massachusetts governor race in 2026?,GOVPARTYMA-26-R,60883119277247470994582429550632811829505423471772740208057726618094988141160,0.06999999999999999,0.12,0.05,16045.0,0.0,16045.0,https://kalshi.com/events/GOVPARTYMA-26,https://polymarket.com/event/massachusetts-governor-winner-2026,1. ELECTORAL,Governor,north_america,2026
BWR-GOP-WIN-HOUSE_NJ11-CERTIFIED-ANY-2026,Will the Republican party win the special election for NJ-11?,Will the Republican party win the special election for NJ-11?,Will the Republican Party win the NJ-11 House seat?,KXHOUSENJ11SPECIAL-26-GOP,57185750121735069758159401731615828838115070091354734184263829382916542229865,0.06999999999999999,0.02,0.09,3887.0,0.0,3887.0,https://kalshi.com/events/KXHOUSENJ11SPECIAL-26,https://polymarket.com/event/nj-11-house-election-winner,1. ELECTORAL,House,north_america,2026
BWR-GOP-WIN-SEN_ME-CERTIFIED-ANY-2026,Will Republicans win the Senate race in Maine?,Will Republicans win the Senate race in Maine?,Will the Republicans win the Maine Senate race in 2026?,SENATEME-26-R,2142948285506077695096498341598672159464223074468931276310105532825810210121,0.06999999999999998,0.3,0.23,118990.0,14495.237598000003,133485.237598,https://kalshi.com/events/SENATEME-26,https://polymarket.com/event/maine-senate-election-winner,1. ELECTORAL,Senate,north_america,2026
BWR-GOP-WIN-HOUSE_KS01-CERTIFIED-ANY-2026,Will Republican win the House race for KS-01?,Will Republican win the House race for KS-01?,Will the Republican Party win the KS-01 House seat?,KXHOUSERACE-KS01-26-R,89294124183402626957238695801193055654720813412868177081309936389936344950473,0.06999999999999995,0.96,0.89,2.0,0.0,2.0,https://kalshi.com/events/KXHOUSERACE-KS01-26,https://polymarket.com/event/ks-01-house-election-winner,1. ELECTORAL,House,north_america,2026
BWR-GOP-WIN-HOUSE_NC08-CERTIFIED-ANY-2026,Will Republican win the House race for NC-08?,Will Republican win the House race for NC-08?,Will the Republican Party win the NC-08 House seat?,KXHOUSERACE-NC08-26-R,13109396291948652510746958612522514006218447920213086120935927680954617715010,0.06999999999999995,0.94,0.87,58.0,0.0,58.0,https://kalshi.com/events/KXHOUSERACE-NC08-26,https://polymarket.com/event/nc-08-house-election-winner,1. ELECTORAL,House,north_america,2026
BWR-DEM-WIN-GOV_NM-CERTIFIED-ANY-2026,Will the Democratic party win the governorship in New Mexico,Will the Democratic party win the governorship in New Mexico,Will the Democrats win the New Mexico governor race in 2026?,GOVPARTYNM-26-D,17781069937970314001472355582427331102577624490515546410398313363226785264562,0.06000000000000005,0.91,0.85,7536.0,0.0,7536.0,https://kalshi.com/events/GOVPARTYNM-26,https://polymarket.com/event/new-mexico-governor-winner-2026,1. ELECTORAL,Governor,north_america,2026
BWR-GOP-WIN-HOUSE_FL21-CERTIFIED-ANY-2026,Will Republican win the House race for FL-21?,Will Republican win the House race for FL-21?,Will the Republican Party win the FL-21 House seat?,KXHOUSERACE-FL21-26-R,7460473200203500049888783719604614089184190030851720364867764732498211690017,0.06000000000000005,0.92,0.86,167.0,2279.212311,2446.212311,https://kalshi.com/events/KXHOUSERACE-FL21-26,https://polymarket.com/event/fl-21-house-election-winner,1. ELECTORAL,House,north_america,2026
BWR-GOP-WIN-HOUSE_IL16-CERTIFIED-ANY-2026,Will Republican win the House race for IL-16?,Will Republican win the House race for IL-16?,Will the Republican Party win the IL-16 House seat?,KXHOUSERACE-IL16-26-R,101157075147511097853940742010795157466595622255474293929156218032196347777187,0.06000000000000005,0.93,0.87,1.0,0.0,1.0,https://kalshi.com/events/KXHOUSERACE-IL16-26,https://polymarket.com/event/il-16-house-election-winner,1. ELECTORAL,House,north_america,2026
BWR-GOP-WIN-HOUSE_NC06-CERTIFIED-ANY-2026,Will Republican win the House race for NC-06?,Will Republican win the House race for NC-06?,Will the Republican Party win the NC-06 House seat?,KXHOUSERACE-NC06-26-R,110248383649282035723587516659176804306429506602301677654400204028843553475305,0.06000000000000005,0.9,0.84,35.0,1766.8340670000005,1801.8340670000005,https://kalshi.com/events/KXHOUSERACE-NC06-26,https://polymarket.com/event/nc-06-house-election-winner,1. ELECTORAL,House,north_america,2026
BWR-GOP-WIN-HOUSE_TX06-CERTIFIED-ANY-2026,Will Republican win the House race for TX-06?,Will Republican win the House race for TX-06?,Will the Republican Party win the TX-06 House seat?,KXHOUSERACE-TX06-26-R,35261608398567039616389973621725744491134249343354691383590559293801288808916,0.06000000000000005,0.93,0.87,143.0,0.0,143.0,https://kalshi.com/events/KXHOUSERACE-TX06-26,https://polymarket.com/event/tx-06-house-election-winner,1. ELECTORAL,House,north_america,2026
BWR-GOP-WIN-HOUSE_PA_17-CERTIFIED-ANY-2026,Will Republican win the House race for PA-17?,Will Republican win the House race for PA-17?,Will the Republican Party win the PA-17 House seat?,HOUSEPA17-26-R,77270528565096170942681034240505559337789074144984119599775969697184701632928,0.06000000000000001,0.17,0.11,25.0,0.0,25.0,https://kalshi.com/events/HOUSEPA17-26,https://polymarket.com/event/pa-17-house-election-winner,1. ELECTORAL,House,north_america,2026
BWR-DEM-WIN-HOUSE_KY04-CERTIFIED-ANY-2026,Will Democratic win the House race for KY-04?,Will Democratic win the House race for KY-04?,Will the Democratic Party win the KY-04 House seat?,KXHOUSERACE-KY04-26-D,42051548638421204218374584975934315188715230248988738148555343950810939155465,0.060000000000000005,0.04,0.1,197.0,0.0,197.0,https://kalshi.com/events/KXHOUSERACE-KY04-26,https://polymarket.com/event/ky-04-house-election-winner,1. ELECTORAL,House,north_america,2026
BWR-GOP-WIN-HOUSE_NY06-CERTIFIED-ANY-2026,Will Republican win the House race for NY-06?,Will Republican win the House race for NY-06?,Will the Republican Party win the NY-06 House seat?,KXHOUSERACE-NY06-26-R,111622142832993540288458237210573735420461045743716748494816501243310105198316,0.060000000000000005,0.01,0.07,390.0,0.0,390.0,https://kalshi.com/events/KXHOUSERACE-NY06-26,https://polymarket.com/event/ny-06-house-election-winner,1. ELECTORAL,House,north_america,2026
BWR-DEM-WIN-HOUSE_NC_11-CERTIFIED-ANY-2026,Will Democratic win the House race for NC-11?,Will Democratic win the House race for NC-11?,Will the Democratic Party win the NC-11 House seat?,KXHOUSENC11-26-DEM,26725090567941494839753555432942030379400825958244897490974743127556962267884,0.06,0.35,0.41,2379.0,0.0,2379.0,https://kalshi.com/events/KXHOUSENC11-26,https://polymarket.com/event/nc-11-house-election-winner,1. ELECTORAL,House,north_america,2026
BWR-DEM-WIN-HOUSE_NC03-CERTIFIED-ANY-2026,Will Democratic win the House race for NC-03?,Will Democratic win the House race for NC-03?,Will the Democratic Party win the NC-03 House seat?,KXHOUSERACE-NC03-26-D,35652027990529722940871226835745538038129467293726461013865152464520199065964,0.06,0.06,0.12,305.0,0.0,305.0,https://kalshi.com/events/KXHOUSERACE-NC03-26,https://polymarket.com/event/nc-03-house-election-winner,1. ELECTORAL,House,north_america,2026
BWR-TRUMP-VISIT-MX-PHYSICAL_PRESENCE-ANY-2026,"Will Donald Trump visit Mexico before Jan 1, 2027?","Will Donald Trump visit Mexico before Jan 1, 2027?",Will Donald Trump visit Mexico in 2026?,KXTRUMPCOUNTRIES-27JAN01-MEX,2660935913959156877980210209659597107865021816700470286853937891105902736403,0.06,0.16,0.22,3406.0,0.0,3406.0,https://kalshi.com/events/KXTRUMPCOUNTRIES-27JAN01,https://polymarket.com/event/which-countries-will-donald-trump-visit-in-2026,6. INTERNATIONAL,,north_america,
BWR-DEM-WIN-HOUSE_PA_04-CERTIFIED-ANY-2026,Will Democratic win the House race for PA-04?,Will Democratic win the House race for PA-04?,Will the Democratic Party win the PA-04 House seat?,KXHOUSERACE-PA04-26-D,45016212564278950396482368180977199049829776570377366771879459820318001214835,0.05999999999999994,0.96,0.9,1465.0,0.0,1465.0,https://kalshi.com/events/KXHOUSERACE-PA04-26,https://polymarket.com/event/pa-04-house-election-winner,1. ELECTORAL,House,north_america,2026
BWR-GOP-WIN-HOUSE_PA09-CERTIFIED-ANY-2026,Will Republican win the House race for PA-09?,Will Republican win the House race for PA-09?,Will the Republican Party win the PA-09 House seat?,KXHOUSERACE-PA09-26-R,93623375239380254527052331229401586532637435613551257682510121330589878960231,0.05999999999999994,0.97,0.91,1.0,0.0,1.0,https://kalshi.com/events/KXHOUSERACE-PA09-26,https://polymarket.com/event/pa-09-house-election-winner,1. ELECTORAL,House,north_america,2026
BWR-CH_BOOKER-WIN-DEM_NOM_SEN_KY-PRIMARY-ANY-2026,Wil Charles Booker be the Democratic nominee for the Senate in Kentucky?,Wil Charles Booker be the Democratic nominee for the Senate in Kentucky?,Will Charles Booker be the Democratic nominee for Senate in Kentucky?,KXSENATEKYD-26-CBOO,86437843250913906751567446822811016235261044083577627174386428978870617860096,0.05999999999999994,0.83,0.77,2835.0,2368.899682,5203.899682,https://kalshi.com/events/KXSENATEKYD-26,https://polymarket.com/event/kentucky-democratic-senate-primary-winner,1. ELECTORAL,Senate,north_america,2026
BWR-DEM-WIN-HOUSE_CA07-CERTIFIED-ANY-2026,Will Democratic win the House race for CA-07?,Will Democratic win the House race for CA-07?,Will the Democratic Party win the CA-07 House seat?,KXHOUSERACE-CA07-26-D,112581642947232908713634267771233638417957400235533796740673401241097650696737,0.05999999999999994,0.96,0.9,30.0,0.0,30.0,https://kalshi.com/events/KXHOUSERACE-CA07-26,https://polymarket.com/event/ca-07-house-election-winner,1. ELECTORAL,House,north_america,2026
BWR-DEM-WIN-HOUSE_NJ11-CERTIFIED-ANY-2026,Will Democratic win the House race for NJ-11?,Will Democratic win the House race for NJ-11?,Will the Democratic Party win the NJ-11 House seat?,KXHOUSERACE-NJ11-26-D,8203496487895395101092728675348756016602375095204571513049982169355113137870,0.05999999999999994,0.94,0.88,7316.0,0.0,7316.0,https://kalshi.com/events/KXHOUSERACE-NJ11-26,https://polymarket.com/event/nj-11-house-election-winner,1. ELECTORAL,House,north_america,2026
BWR-TRUMP-IMPEACH-PRES-HOUSE_VOTE-ANY-JAN2029,"Will the President be impeached before Jan 20, 2029?","Will the President be impeached before Jan 20, 2029?",Will Trump be impeached before his term ends?,KXIMPEACH-29-JAN20,99020283867209289889119738709824148614345922887757122199903300146152690995270,0.05999999999999994,0.72,0.66,252353.0,70.0,252423.0,https://kalshi.com/events/KXIMPEACH-29,,7. JUDICIAL,,north_america,
BWR-GOP-WIN-GOV_RI-CERTIFIED-ANY-2026,Will the Republican party win the governorship in Rhode Island,Will the Republican party win the governorship in Rhode Island,Will the Republicans win the Rhode Island governor race in 2026?,GOVPARTYRI-26-R,102532646565376609462398061495436415751549869365588135784659237547896983513156,0.057999999999999996,0.09,0.032,522.0,1851.604163,2373.604163,https://kalshi.com/events/GOVPARTYRI-26,https://polymarket.com/event/rhode-island-governor-winner-2026,1. ELECTORAL,Governor,north_america,2026
BWR-SEO_YOUNG_KYO-WIN-MAYOR_SEOUL-CERTIFIED-ANY-2026,Will Seo Young-kyo win the 2026 Seoul mayoral election?,Will Seo Young-kyo win the 2026 Seoul mayoral election?,Will Seo Young-kyo win the 2026 Seoul Mayoral Election,KXSEOULMAYOR-26JUN03-SYOU,34648451464074935750640597029866394398880909021795314693381268650725647277842,0.055999999999999994,0.06,0.004,627.0,181283.844131,181910.844131,https://kalshi.com/events/KXSEOULMAYOR-26JUN03,https://polymarket.com/event/2026-seoul-mayoral-election-winner,1. ELECTORAL,Mayor,asia,2026
BWR-HEILALA-WIN-GOV_AK-CERTIFIED-ANY-2026,Who will win the governorship in Alaska?,Who will win the governorship in Alaska?,Will Matt Heilala win the 2026 Alaska governor election?,KXGOVAK-26-MHEI,41775449479665930068266329795278714167204411479685732105862933499385131340367,0.055,0.06,0.005,1240.0,1493.443216,2733.4432159999997,https://kalshi.com/events/KXGOVAK-26,https://polymarket.com/event/alaska-governor-election-winner,1. ELECTORAL,Governor,north_america,2026
BWR-GOP-WIN-GOV_CO-CERTIFIED-ANY-2026,Will the Republican party win the governorship in Colorado,Will the Republican party win the governorship in Colorado,Will the Republicans win the Colorado governor race in 2026?,GOVPARTYCO-26-R,17546916569546560082654809047780534438941220653259855302022567325162996913878,0.054,0.11,0.056,11545.0,3091.378113,14636.378113,https://kalshi.com/events/GOVPARTYCO-26,https://polymarket.com/event/colorado-governor-winner-2026,1. ELECTORAL,Governor,north_america,2026
BWR-GOP-WIN-HOUSE_IL-06-CERTIFIED-ANY-2026,Will Republican win the House race for IL-06?,Will Republican win the House race for IL-06?,Will the Republican Party win the IL-06 House seat?,KXHOUSERACE-IL06-26-R,28890452578537113242497414254007232902488279702425209946544889778722785875772,0.053,0.01,0.063,252.0,0.0,252.0,https://kalshi.com/events/KXHOUSERACE-IL06-26,https://polymarket.com/event/il-06-house-election-winner,1. ELECTORAL,House,north_america,2026
BWR-GOP-WIN-GOV_TN-CERTIFIED-ANY-2026,Will the Republican party win the governorship in Tennessee,Will the Republican party win the governorship in Tennessee,Will the Republicans win the Tennessee governor race in 2026?,GOVPARTYTN-26-R,24326213014906491852819643583064878883456155870415421965354259617491710449915,0.052999999999999936,0.95,0.897,2283.0,799.473951,3082.473951,https://kalshi.com/events/GOVPARTYTN-26,https://polymarket.com/event/tennessee-governor-winner-2026,1. ELECTORAL,Governor,north_america,2026
BWR-GOP-WIN-GOV_OH-CERTIFIED-ANY-2026,Will the Republican party win the governorship in Ohio,Will the Republican party win the governorship in Ohio,Will the Republicans win the Ohio governor race in 2026?,GOVPARTYOH-26-R,3104629708171062356498135654472461762731791851667035051301931240755518332250,0.050000000000000044,0.46,0.41,57411.0,0.0,57411.0,https://kalshi.com/events/GOVPARTYOH-26,https://polymarket.com/event/ohio-governor-winner-2026,1. ELECTORAL,Governor,north_america,2026
BWR-GOP-WIN-SEN_KS-CERTIFIED-ANY-2026,Will Republicans win the Senate race in Kansas?,Will Republicans win the Senate race in Kansas?,Will the Republicans win the Kansas Senate race in 2026?,SENATEKS-26-R,18131974965869813060047290511060211742274666573066200470724290584768041211203,0.050000000000000044,0.87,0.82,13938.0,0.0,13938.0,https://kalshi.com/events/SENATEKS-26,https://polymarket.com/event/kansas-senate-election-winner,1. ELECTORAL,Senate,north_america,2026
BWR-DEM-WIN-SEN_ME-CERTIFIED-ANY-2026,Will Democratics win the Senate race in Maine?,Will Democratics win the Senate race in Maine?,Will the Democrats win the Maine Senate race in 2026?,SENATEME-26-D,7589880081658059374445882095611024032084645048848237404312287942463647821549,0.050000000000000044,0.71,0.76,87647.0,27027.166771000007,114674.166771,https://kalshi.com/events/SENATEME-26,https://polymarket.com/event/maine-senate-election-winner,1. ELECTORAL,Senate,north_america,2026
BWR-GOP-WIN-HOUSE_WI07-CERTIFIED-ANY-2026,Will Republican win the House race for WI-07?,Will Republican win the House race for WI-07?,Will the Republican Party win the WI-07 House seat?,KXHOUSERACE-WI07-26-R,41590487244023051861215395652387175966482169914766565313154901218097936317968,0.050000000000000044,0.91,0.86,164.0,0.0,164.0,https://kalshi.com/events/KXHOUSERACE-WI07-26,https://polymarket.com/event/wi-07-house-election-winner,1. ELECTORAL,House,north_america,2026
BWR-FED-CUT-FFR-SPECIFIC_MEETING-25BPS-JUN2026,Will the Federal Reserve Cut rates by 25bps at their June 2026 meeting?,Will the Federal Reserve Cut rates by 25bps at their June 2026 meeting?,Will the Fed decrease interest rates by 25 bps after the June 2026 meeting?,KXFEDDECISION-26JUN-C25,65193234666628291664907888364936366210889305490897648116746073820519263548476,0.05,0.1,0.05,62683.0,158079.1669489999,220762.1669489999,https://kalshi.com/events/KXFEDDECISION-26JUN,https://polymarket.com/event/fed-decision-in-june-825,2. MONETARY_POLICY,,north_america,
BWR-ARMENIA_ALLIANCE-WIN-PARLIAMENT_AM-CERTIFIED-ANY-2026,Who will win the next Armenian parliamentary election?,Who will win the next Armenian parliamentary election?,Will Armenia Alliance win the most seats in the 2026 Armenian National Assembly election?,KXARMENIAPARLI-26-ALLIANCE,114206625249585529377182130081903716699400681840148824329549335712358135943873,0.05,0.11,0.06,1686.0,0.0,1686.0,https://kalshi.com/events/KXARMENIAPARLI-26,https://polymarket.com/event/armenia-parliamentary-election-winner,1. ELECTORAL,Parliament,unknown,2026
BWR-GOP-WIN-HOUSE_MA08-CERTIFIED-ANY-2026,Will Republican win the House race for MA-08?,Will Republican win the House race for MA-08?,Will the Republican Party win the MA-08 House seat?,KXHOUSERACE-MA08-26-R,40791333844110415131935576834147090752921372471104704162885415232646000620966,0.049999999999999996,0.01,0.06,12.0,0.0,12.0,https://kalshi.com/events/KXHOUSERACE-MA08-26,https://polymarket.com/event/ma-08-house-election-winner,1. ELECTORAL,House,north_america,2026
BWR-DEM-WIN-GOV_FL-CERTIFIED-ANY-2026,Will the Democratic party win the governorship in Florida,Will the Democratic party win the governorship in Florida,Will the Democrats win the Florida governor race in 2026?,GOVPARTYFL-26-D,45666577334498374671436529469006420565255125221309505855441517627481607414492,0.04999999999999999,0.24,0.29,9183.0,0.0,9183.0,https://kalshi.com/events/GOVPARTYFL-26,https://polymarket.com/event/florida-governor-winner-2026,1. ELECTORAL,Governor,north_america,2026
BWR-DEM-WIN-HOUSE_OH_14-CERTIFIED-ANY-2026,Will Democratic win the House race for OH-14?,Will Democratic win the House race for OH-14?,Will the Democratic Party win the OH-14 House seat?,KXHOUSERACE-OH14-26-D,22776018498215855873262234018751148496156750463256982486999952250281718086478,0.04999999999999999,0.07,0.12,75.0,0.0,75.0,https://kalshi.com/events/KXHOUSERACE-OH14-26,https://polymarket.com/event/oh-14-house-election-winner,1. ELECTORAL,House,north_america,2026
BWR-TRUMP-VISIT-IT-PHYSICAL_PRESENCE-ANY-2026,"Will Donald Trump visit Italy before Jan 1, 2027?","Will Donald Trump visit Italy before Jan 1, 2027?",Will Donald Trump visit Italy in 2026?,KXTRUMPCOUNTRIES-27JAN01-ITA,27284392400859825331402412078091265533988427462829881988484741909722325452392,0.04999999999999999,0.4,0.45,5259.0,0.0,5259.0,https://kalshi.com/events/KXTRUMPCOUNTRIES-27JAN01,https://polymarket.com/event/which-countries-will-donald-trump-visit-in-2026,6. INTERNATIONAL,,north_america,
BWR-DEM-WIN-HOUSE_MA08-CERTIFIED-ANY-2026,Will Democratic win the House race for MA-08?,Will Democratic win the House race for MA-08?,Will the Democratic Party win the MA-08 House seat?,KXHOUSERACE-MA08-26-D,94942197335447814139209609749404898815210845147808744178807009819254277159529,0.04999999999999993,0.97,0.92,3.0,0.0,3.0,https://kalshi.com/events/KXHOUSERACE-MA08-26,https://polymarket.com/event/ma-08-house-election-winner,1. ELECTORAL,House,north_america,2026
BWR-DEM-WIN-HOUSE_MA09-CERTIFIED-ANY-2026,Will Democratic win the House race for MA-09?,Will Democratic win the House race for MA-09?,Will the Democratic Party win the MA-09 House seat?,KXHOUSERACE-MA09-26-D,89982197808859184121392026464295315208906708525234608173882801362386876649268,0.04999999999999993,0.95,0.9,3.0,0.0,3.0,https://kalshi.com/events/KXHOUSERACE-MA09-26,https://polymarket.com/event/ma-09-house-election-winner,1. ELECTORAL,House,north_america,2026
BWR-DEM-WIN-GOV_OH-CERTIFIED-ANY-2026,Will the Democratic party win the governorship in Ohio,Will the Democratic party win the governorship in Ohio,Will the Democrats win the Ohio governor race in 2026?,GOVPARTYOH-26-D,63255709540320761353971859526848930870803944190764324681913735372035438815215,0.04999999999999993,0.58,0.53,70124.0,29409.019146000028,99533.01914600004,https://kalshi.com/events/GOVPARTYOH-26,https://polymarket.com/event/ohio-governor-winner-2026,1. ELECTORAL,Governor,north_america,2026
BWR-DEM-WIN-SEN_CO-CERTIFIED-ANY-2026,Will Democratics win the Senate race in Colorado?,Will Democratics win the Senate race in Colorado?,Will the Democrats win the Colorado Senate race in 2026?,SENATECO-26-D,68194463917260305435439145066031544476540679280823247532132832363696000101185,0.04999999999999993,0.97,0.92,799.0,0.0,799.0,https://kalshi.com/events/SENATECO-26,https://polymarket.com/event/colorado-senate-election-winner,1. ELECTORAL,Senate,north_america,2026
BWR-GOP-WIN-SEN_ID-CERTIFIED-ANY-2026,Will Republicans win the Senate race in Idaho?,Will Republicans win the Senate race in Idaho?,Will the Republicans win the Idaho Senate race in 2026?,SENATEID-26-R,6756779810577885828704276397389282544084821591107025125954859235939281991675,0.04999999999999993,0.96,0.91,9168.0,0.0,9168.0,https://kalshi.com/events/SENATEID-26,https://polymarket.com/event/idaho-senate-election-winner,1. ELECTORAL,Senate,north_america,2026
BWR-DEM-WIN-SEN_RI-CERTIFIED-ANY-2026,Will Democratics win the Senate race in Rhode Island?,Will Democratics win the Senate race in Rhode Island?,Will the Democrats win the Rhode Island Senate race in 2026?,SENATERI-26-D,77004273724753899183699441849597881417275931290950171679615354396048734034984,0.04999999999999993,0.96,0.91,8312.0,0.0,8312.0,https://kalshi.com/events/SENATERI-26,https://polymarket.com/event/rhode-island-senate-election-winner,1. ELECTORAL,Senate,north_america,2026
BWR-DEM-WIN-HOUSE_TX18-CERTIFIED-ANY-2026,Will Democratic win the House race for TX-18?,Will Democratic win the House race for TX-18?,Will the Democratic Party win the TX-18 House seat?,KXHOUSERACE-TX18-26-D,99966949924222162720507977278878437898310303746351043945839836426130741910535,0.04999999999999993,0.96,0.91,46.0,0.0,46.0,https://kalshi.com/events/KXHOUSERACE-TX18-26,https://polymarket.com/event/tx-18-house-election-winner,1. ELECTORAL,House,north_america,2026
BWR-ROGERS-WIN-SEN_MI-CERTIFIED-ANY-2026,Wil Mike Rogers be the Republican nominee for the Senate in Michigan?,Wil Mike Rogers be the Republican nominee for the Senate in Michigan?,Will Mike Rogers win the Republican Primary for U.S. Senate in Michigan?,KXSENATEMIR-26-MROG,323083107744325207760847128031561112869003040716978570721090282782745276743,0.04999999999999993,0.95,0.9,2171.0,0.0,2171.0,https://kalshi.com/events/KXSENATEMIR-26,https://polymarket.com/event/michigan-republican-senate-primary-winner-954,1. ELECTORAL,Senate,north_america,2026
BWR-DEM-WIN-HOUSE_AZ07-CERTIFIED-ANY-2026,Will Democratic win the House race for AZ-07?,Will Democratic win the House race for AZ-07?,Will the Democratic Party win the AZ-07 House seat?,KXHOUSERACE-AZ07-26-D,92646414065886565511169479020381656221756342368379082974596916524851406326084,0.04999999999999993,0.95,0.9,128.0,0.0,128.0,https://kalshi.com/events/KXHOUSERACE-AZ07-26,https://polymarket.com/event/az-07-house-election-winner,1. ELECTORAL,House,north_america,2026
BWR-GOP-WIN-HOUSE_GA-09-CERTIFIED-ANY-2026,Will Republican win the House race for GA-09?,Will Republican win the House race for GA-09?,Will the Republican Party win the GA-09 House seat?,KXHOUSERACE-GA09-26-R,12199032496315355748891477105973308318467279884251275343020306936405585236867,0.04999999999999993,0.95,0.9,6947.0,0.0,6947.0,https://kalshi.com/events/KXHOUSERACE-GA09-26,https://polymarket.com/event/ga-09-house-election-winner,1. ELECTORAL,House,north_america,2026
BWR-GOP-WIN-HOUSE_MD01-CERTIFIED-ANY-2026,Will Republican win the House race for MD-01?,Will Republican win the House race for MD-01?,Will the Republican Party win the MD-01 House seat?,KXHOUSERACE-MD01-26-R,44318993109276342726529093057399342266916080178436087782115277745624623516970,0.04999999999999993,0.86,0.81,519.0,1298.344489,1817.344489,https://kalshi.com/events/KXHOUSERACE-MD01-26,https://polymarket.com/event/md-01-house-election-winner,1. ELECTORAL,House,north_america,2026
BWR-DEM-WIN-HOUSE_MD04-CERTIFIED-ANY-2026,Will Democratic win the House race for MD-04?,Will Democratic win the House race for MD-04?,Will the Democratic Party win the MD-04 House seat?,KXHOUSERACE-MD04-26-D,42124702426066395033977437731253928118319135974151509667004296743305181373302,0.04999999999999993,0.97,0.92,1.0,0.0,1.0,https://kalshi.com/events/KXHOUSERACE-MD04-26,https://polymarket.com/event/md-04-house-election-winner,1. ELECTORAL,House,north_america,2026
BWR-GOP-WIN-HOUSE_NC05-CERTIFIED-ANY-2026,Will Republican win the House race for NC-05?,Will Republican win the House race for NC-05?,Will the Republican Party win the NC-05 House seat?,KXHOUSERACE-NC05-26-R,9706649298892279116283135286098440170027309524180157993045165975148563290345,0.04999999999999993,0.94,0.89,1.0,0.0,1.0,https://kalshi.com/events/KXHOUSERACE-NC05-26,https://polymarket.com/event/nc-05-house-election-winner,1. ELECTORAL,House,north_america,2026
BWR-DEM-WIN-HOUSE_NY_14-CERTIFIED-ANY-2026,Will Democratic win the House race for NY-14?,Will Democratic win the House race for NY-14?,Will the Democratic Party win the NY-14 House seat?,KXHOUSERACE-NY14-26-D,60184504732688009332631725133201362898079146778066892362685254734638222321040,0.04999999999999993,0.96,0.91,1.0,0.0,1.0,https://kalshi.com/events/KXHOUSERACE-NY14-26,https://polymarket.com/event/ny-14-house-election-winner,1. ELECTORAL,House,north_america,2026
BWR-GOP-WIN-HOUSE_OH_04-CERTIFIED-ANY-2026,Will Republican win the House race for OH-04?,Will Republican win the House race for OH-04?,Will the Republican Party win the OH-04 House seat?,KXHOUSERACE-OH04-26-R,55969489902519267676459011149125086437399062814654890223595749189443669344672,0.04999999999999993,0.96,0.91,3.0,0.0,3.0,https://kalshi.com/events/KXHOUSERACE-OH04-26,https://polymarket.com/event/oh-04-house-election-winner,1. ELECTORAL,House,north_america,2026
BWR-GOP-WIN-HOUSE_OK_02-CERTIFIED-ANY-2026,Will Republican win the House race for OK-02?,Will Republican win the House race for OK-02?,Will the Republican Party win the OK-02 House seat?,KXHOUSERACE-OK02-26-R,42592748220118595644622084712827962615273569841586016631867231035082439396173,0.04999999999999993,0.97,0.92,3.0,3555.6400000000003,3558.6400000000003,https://kalshi.com/events/KXHOUSERACE-OK02-26,https://polymarket.com/event/ok-02-house-election-winner,1. ELECTORAL,House,north_america,2026
BWR-DEM-WIN-HOUSE_WI02-CERTIFIED-ANY-2026,Will Democratic win the House race for WI-02?,Will Democratic win the House race for WI-02?,Will the Democratic Party win the WI-02 House seat?,KXHOUSERACE-WI02-26-D,67006609332740869353048805779604025557183305918983809796144502238792817534496,0.04999999999999993,0.95,0.9,51.0,0.0,51.0,https://kalshi.com/events/KXHOUSERACE-WI02-26,https://polymarket.com/event/wi-02-house-election-winner,1. ELECTORAL,House,north_america,2026
BWR-GOP-WIN-HOUSE_WYAL-CERTIFIED-ANY-2026,Will Republican win the House race for WY-AL?,Will Republican win the House race for WY-AL?,Will the Republican Party win the WY-AL House seat?,KXHOUSERACE-WYAL-26-R,68169744186307070777878221352188445913193374514779295839873553147197667141671,0.04999999999999993,0.97,0.92,265.0,0.0,265.0,https://kalshi.com/events/KXHOUSERACE-WYAL-26,https://polymarket.com/event/wy-al-house-election-winner,1. ELECTORAL,House,north_america,2026
BWR-COHEN-WIN-TN_09_DEM_PRIMARY-PRIMARY-ANY-2026,Will Steve Cohen be the Democratic nominee for TN-09?,Will Steve Cohen be the Democratic nominee for TN-09?,Will Steve Cohen be the Democratic Nominee for TN-09?,KXTNPRIMARY-09D26-SCOH,74083253837768541584150259621486631107610341583825825825440833537844111590971,0.04999999999999993,0.61,0.56,0.0,64.566899,64.566899,https://kalshi.com/events/KXTNPRIMARY-09D26,https://polymarket.com/event/tn-09-democratic-primary-winner,1. ELECTORAL,House,north_america,2026
BWR-GOP-WIN-GOV_AL-CERTIFIED-ANY-2026,Will the Republican party win the governorship in Alabama,Will the Republican party win the governorship in Alabama,Will the Republicans win the Alabama governor race in 2026?,GOVPARTYAL-26-R,109054998942213692077271472955675949350077711784792442998941210738471587356514,0.04700000000000004,0.89,0.937,2712.0,0.0,2712.0,https://kalshi.com/events/GOVPARTYAL-26,https://polymarket.com/event/alabama-governor-winner-2026,1. ELECTORAL,Governor,north_america,2026
BWR-KATAEB-WIN-PARLIAMENT_LB-CERTIFIED-ANY-2026,Who will win the next Lebanese general election?,Who will win the next Lebanese general election?,Will Kataeb Party win the most seats in the 2026 Lebanese parliamentary election?,KXLEBANONPARLI-26-KATAEB,9714247378049711545052688803194841492848996181886626703985973590085253447208,0.045000000000000005,0.05,0.005,0.0,0.0,0.0,https://kalshi.com/events/KXLEBANONPARLI-26,https://polymarket.com/event/lebanon-parliamentary-election-winner,1. ELECTORAL,Parliament,middle_east,2026
BWR-CAMERON-WIN-GOP_NOM_SEN_KY-PRIMARY-ANY-2026,Wil Daniel Cameron be the Republican nominee for the Senate in Kentucky?,Wil Daniel Cameron be the Republican nominee for the Senate in Kentucky?,Will Daniel Cameron be the Republican nominee for Senate in Kentucky?,KXSENATEKYR-26-DCAM,26461621111481770878561400105552318154671272262199110997218200849217509562730,0.04300000000000001,0.2,0.157,17997.0,0.0,17997.0,https://kalshi.com/events/KXSENATEKYR-26,https://polymarket.com/event/kentucky-republican-senate-primary-winner,1. ELECTORAL,Senate,north_america,2026
BWR-TRUMP-VISIT-CN-PHYSICAL_PRESENCE-ANY-2026,"Will Donald Trump visit China before Jan 1, 2027?","Will Donald Trump visit China before Jan 1, 2027?",Will Donald Trump visit China in 2026?,KXTRUMPCOUNTRIES-27JAN01-CHI,104550993782851064229827172565720784760909075708896831077155912884695122111107,0.04200000000000004,0.88,0.922,47094.0,28914.299278999995,76008.299279,https://kalshi.com/events/KXTRUMPCOUNTRIES-27JAN01,https://polymarket.com/event/which-countries-will-donald-trump-visit-in-2026,6. INTERNATIONAL,,north_america,
BWR-DEM-WIN-GOV_AZ-CERTIFIED-ANY-2026,Will the Democratic party win the governorship in Arizona,Will the Democratic party win the governorship in Arizona,Will the Democrats win the Arizona governor race in 2026?,GOVPARTYAZ-26-D,48368039124533504674394545622809320495392482760644292167644042386014017726777,0.040000000000000036,0.79,0.75,115318.0,0.0,115318.0,https://kalshi.com/events/GOVPARTYAZ-26,https://polymarket.com/event/arizona-governor-winner-2026,1. ELECTORAL,Governor,north_america,2026
BWR-DEM-WIN-GOV_IA-CERTIFIED-ANY-2026,Will the Democratic party win the governorship in Iowa,Will the Democratic party win the governorship in Iowa,Will the Democrats win the Iowa governor race in 2026?,GOVPARTYIA-26-D,45621938709469399887344165091123819127263258871102896783851049824656362940868,0.040000000000000036,0.52,0.56,51142.0,8687.842937999998,59829.842938,https://kalshi.com/events/GOVPARTYIA-26,https://polymarket.com/event/iowa-governor-winner-2026,1. ELECTORAL,Governor,north_america,2026
BWR-GOP-WIN-GOV_TX-CERTIFIED-ANY-2026,Will the Republican party win the governorship in Texas,Will the Republican party win the governorship in Texas,Will the Republicans win the Texas governor race in 2026?,GOVPARTYTX-26-R,54743173400191373818547682740700297683169841200363505623023527116388816282328,0.040000000000000036,0.87,0.83,14847.0,0.0,14847.0,https://kalshi.com/events/GOVPARTYTX-26,https://polymarket.com/event/texas-governor-winner-2026,1. ELECTORAL,Governor,north_america,2026
BWR-GOP-WIN-HOUSE_OH_06-CERTIFIED-ANY-2026,Will Republican win the House race for OH-06?,Will Republican win the House race for OH-06?,Will the Republican Party win the OH-06 House seat?,KXHOUSERACE-OH06-26-R,71427704517609090679425179898220456235245202818919683642189639419917313283571,0.040000000000000036,0.85,0.89,14.0,0.0,14.0,https://kalshi.com/events/KXHOUSERACE-OH06-26,https://polymarket.com/event/oh-06-house-election-winner,1. ELECTORAL,House,north_america,2026
BWR-GOP-WIN-HOUSE_OH_10-CERTIFIED-ANY-2026,Will Republican win the House race for OH-10?,Will Republican win the House race for OH-10?,Will the Republican Party win the OH-10 House seat?,KXHOUSERACE-OH10-26-R,32844269442852262534802316938044703795066196528094796332245347991652881696933,0.040000000000000036,0.74,0.7,1502.0,0.0,1502.0,https://kalshi.com/events/KXHOUSERACE-OH10-26,https://polymarket.com/event/oh-10-house-election-winner,1. ELECTORAL,House,north_america,2026
BWR-GOP-WIN-HOUSE_SC04-CERTIFIED-ANY-2026,Will Republican win the House race for SC-04?,Will Republican win the House race for SC-04?,Will the Republican Party win the SC-04 House seat?,KXHOUSERACE-SC04-26-R,15800656442960151716596973726066546399121985754970516629947605247610171375894,0.040000000000000036,0.92,0.88,6.0,0.0,6.0,https://kalshi.com/events/KXHOUSERACE-SC04-26,https://polymarket.com/event/sc-04-house-election-winner,1. ELECTORAL,House,north_america,2026
BWR-GOP-WIN-GOV_CT-CERTIFIED-ANY-2026,Will the Republican party win the governorship in Connecticut,Will the Republican party win the governorship in Connecticut,Will the Republicans win the Connecticut governor race in 2026?,GOVPARTYCT-26-R,28222949582692352334110457056784683609708218641745397767642367585928375878193,0.04000000000000001,0.03,0.07,6417.0,0.0,6417.0,https://kalshi.com/events/GOVPARTYCT-26,https://polymarket.com/event/connecticut-governor-winner-2026,1. ELECTORAL,Governor,north_america,2026
BWR-DEM-WIN-HOUSE_PA09-CERTIFIED-ANY-2026,Will Democratic win the House race for PA-09?,Will Democratic win the House race for PA-09?,Will the Democratic Party win the PA-09 House seat?,KXHOUSERACE-PA09-26-D,97812938692456679808746034145818517085521455414053194949349964189319622531898,0.04000000000000001,0.03,0.07,100.0,648.22,748.22,https://kalshi.com/events/KXHOUSERACE-PA09-26,https://polymarket.com/event/pa-09-house-election-winner,1. ELECTORAL,House,north_america,2026
BWR-DEM-WIN-GOV_AL-CERTIFIED-ANY-2026,Will the Democratic party win the governorship in Alabama,Will the Democratic party win the governorship in Alabama,Will the Democrats win the Alabama governor race in 2026?,GOVPARTYAL-26-D,66799540193763442273153807390120946960260027428359861674134091731050086258652,0.04000000000000001,0.1,0.06,6460.0,0.0,6460.0,https://kalshi.com/events/GOVPARTYAL-26,https://polymarket.com/event/alabama-governor-winner-2026,1. ELECTORAL,Governor,north_america,2026
BWR-GOP-WIN-GOV_NY-CERTIFIED-ANY-2026,Will the Republican party win the governorship in New York,Will the Republican party win the governorship in New York,Will the Republicans win the New York governor race in 2026?,GOVPARTYNY-26-R,108106288970534575307495623455701128869187166289634633189375113923142364674394,0.04000000000000001,0.1,0.06,142488.0,0.0,142488.0,https://kalshi.com/events/GOVPARTYNY-26,https://polymarket.com/event/new-york-governor-winner-2026,1. ELECTORAL,Governor,north_america,2026
BWR-GOP-WIN-SEN_NH-CERTIFIED-ANY-2026,Will Republicans win the Senate race in New Hampshire?,Will Republicans win the Senate race in New Hampshire?,Will the Republicans win the New Hampshire Senate race in 2026?,SENATENH-26-R,62227089537100115269143206481757249285124282589590263790284791475153705872216,0.04000000000000001,0.16,0.12,22959.0,0.0,22959.0,https://kalshi.com/events/SENATENH-26,https://polymarket.com/event/new-hampshire-senate-election-winner,1. ELECTORAL,Senate,north_america,2026
BWR-DEM-WIN-HOUSE_NC13-CERTIFIED-ANY-2026,Will Democratic win the House race for NC-13?,Will Democratic win the House race for NC-13?,Will the Democratic Party win the NC-13 House seat?,KXHOUSERACE-NC13-26-D,43573811958134755182642947255911309025499769388110668035346945826380129761955,0.04000000000000001,0.1,0.14,769.0,0.0,769.0,https://kalshi.com/events/KXHOUSERACE-NC13-26,https://polymarket.com/event/nc-13-house-election-winner,1. ELECTORAL,House,north_america,2026
BWR-DEM-WIN-HOUSE_SC07-CERTIFIED-ANY-2026,Will Democratic win the House race for SC-07?,Will Democratic win the House race for SC-07?,Will the Democratic Party win the SC-07 House seat?,KXHOUSERACE-SC07-26-D,66533200574784349380509162104467040229187348123731676518825142374740016683195,0.04000000000000001,0.06,0.1,136.0,0.0,136.0,https://kalshi.com/events/KXHOUSERACE-SC07-26,https://polymarket.com/event/sc-07-house-election-winner,1. ELECTORAL,House,north_america,2026
BWR-DEM-WIN-HOUSE_LA04-CERTIFIED-ANY-2026,Will Democratic win the House race for LA-04?,Will Democratic win the House race for LA-04?,Will the Democratic Party win the LA-04 House seat?,KXHOUSERACE-LA04-26-D,51535851194395779047138541676153087184313347583915702209724951204467090617227,0.04,0.04,0.08,214.0,0.0,214.0,https://kalshi.com/events/KXHOUSERACE-LA04-26,https://polymarket.com/event/la-04-house-election-winner,1. ELECTORAL,House,north_america,2026
BWR-GOP-WIN-GOV_ME-CERTIFIED-ANY-2026,Will the Republican party win the governorship in Maine,Will the Republican party win the governorship in Maine,Will the Republicans win the Maine governor race in 2026?,GOVPARTYME-26-R,77900872247159891045693614974240851672235710405168744753050508553885061962390,0.039999999999999994,0.12,0.08,4460.0,0.0,4460.0,https://kalshi.com/events/GOVPARTYME-26,https://polymarket.com/event/maine-governor-winner-2026,1. ELECTORAL,Governor,north_america,2026
BWR-GOP-WIN-GOV_OR-CERTIFIED-ANY-2026,Will the Republican party win the governorship in Oregon,Will the Republican party win the governorship in Oregon,Will the Republicans win the Oregon governor race in 2026?,GOVPARTYOR-26-R,60638893393471159707288518099941698438888451383700859041754575565737488871199,0.039999999999999994,0.15,0.11,8046.0,4795.060079999999,12841.06008,https://kalshi.com/events/GOVPARTYOR-26,https://polymarket.com/event/oregon-governor-winner-2026,1. ELECTORAL,Governor,north_america,2026
BWR-DEM-WIN-SEN_AL-CERTIFIED-ANY-2026,Will Democratics win the Senate race in Alabama?,Will Democratics win the Senate race in Alabama?,Will the Democrats win the Alabama Senate race in 2026?,SENATEAL-26-D,77232568388576878990477542833081311975859328857370439688711702313039178600550,0.039999999999999994,0.02,0.06,2801.0,0.0,2801.0,https://kalshi.com/events/SENATEAL-26,https://polymarket.com/event/alabama-senate-election-winner-154,1. ELECTORAL,Senate,north_america,2026
BWR-GOP-WIN-SEN_OR-CERTIFIED-ANY-2026,Will Republicans win the Senate race in Oregon?,Will Republicans win the Senate race in Oregon?,Will the Republicans win the Oregon Senate race in 2026?,SENATEOR-26-R,79489800771199803792838465972773376352837733018768490302999836500381020065853,0.039999999999999994,0.02,0.06,656.0,0.0,656.0,https://kalshi.com/events/SENATEOR-26,https://polymarket.com/event/oregon-senate-election-winner,1. ELECTORAL,Senate,north_america,2026
BWR-DEM-WIN-SENATE_SC-CERTIFIED-ANY-2026,Will Democratics win the Senate race in South Carolina?,Will Democratics win the Senate race in South Carolina?,Will the Democrats win the South Carolina Senate race in 2026?,SENATESC-26-D,30718966535311015751929217398361750334834655110246828806892843311659716192347,0.039999999999999994,0.15,0.11,21893.0,7062.94639,28955.94639,https://kalshi.com/events/SENATESC-26,https://polymarket.com/event/south-carolina-senate-election-winner,1. ELECTORAL,Senate,north_america,2026
BWR-DEM-WIN-HOUSE_GA-10-CERTIFIED-ANY-2026,Will Democratic win the House race for GA-10?,Will Democratic win the House race for GA-10?,Will the Democratic Party win the GA-10 House seat?,KXHOUSERACE-GA10-26-D,3069082072424376420602972750714063717515043084952472325881397719685109187500,0.039999999999999994,0.07,0.11,310.0,0.0,310.0,https://kalshi.com/events/KXHOUSERACE-GA10-26,https://polymarket.com/event/ga-10-house-election-winner,1. ELECTORAL,House,north_america,2026
BWR-GOP-WIN-HOUSE_PA_04-CERTIFIED-ANY-2026,Will Republican win the House race for PA-04?,Will Republican win the House race for PA-04?,Will the Democratic Party win the WI-05 House seat?,KXHOUSERACE-PA04-26-R,88871790889454731577782299128773617066698246220177751187887182363840265197383,0.039999999999999994,0.07,0.11,194.0,0.0,194.0,https://kalshi.com/events/KXHOUSERACE-PA04-26,https://polymarket.com/event/wi-05-house-election-winner,1. ELECTORAL,House,north_america,2026
BWR-TRUMP-VISIT-UA-PHYSICAL_PRESENCE-ANY-2026,"Will Donald Trump visit Ukraine before Jan 1, 2027?","Will Donald Trump visit Ukraine before Jan 1, 2027?",Will Donald Trump visit Ukraine in 2026?,KXTRUMPCOUNTRIES-27JAN01-UKR,84657015257932668285272367496779838311818301379358465876412899156311513547704,0.039999999999999994,0.11,0.15,2753.0,1212.1618170000002,3965.161817,https://kalshi.com/events/KXTRUMPCOUNTRIES-27JAN01,https://polymarket.com/event/which-countries-will-donald-trump-visit-in-2026,6. INTERNATIONAL,,europe,
BWR-DEM-WIN-SEN_IA-CERTIFIED-ANY-2026,Will Democratics win the Senate race in Iowa?,Will Democratics win the Senate race in Iowa?,Will the Democrats win the Iowa Senate race in 2026?,SENATEIA-26-D,90689690530039118737607894922148077480097700217322320781526913496162509181445,0.03999999999999998,0.41,0.37,49063.0,41081.13851600007,90144.13851600006,https://kalshi.com/events/SENATEIA-26,https://polymarket.com/event/iowa-senate-election-winner,1. ELECTORAL,Senate,north_america,2026
BWR-DEM-WIN-GOV_GA-CERTIFIED-ANY-2026,Will the Democratic party win the governorship in Georgia,Will the Democratic party win the governorship in Georgia,Will the Democrats win the Georgia governor race in 2026?,GOVPARTYGA-26-D,59980150909931986777748227027020522224275707387562276219060223816867188565245,0.039999999999999925,0.55,0.59,5258.0,16873.158910999995,22131.158910999995,https://kalshi.com/events/GOVPARTYGA-26,https://polymarket.com/event/georgia-governor-winner-2026,1. ELECTORAL,Governor,north_america,2026
BWR-GOP-WIN-GOV_SD-CERTIFIED-ANY-2026,Will the Republican party win the governorship in South Dakota,Will the Republican party win the governorship in South Dakota,Will the Republicans win the South Dakota governor race in 2026?,GOVPARTYSD-26-R,33837211479232375079024923304907620849682048653904904303440832993092201214603,0.039999999999999925,0.96,0.92,1823.0,3244.430788,5067.430788,https://kalshi.com/events/GOVPARTYSD-26,https://polymarket.com/event/south-dakota-governor-winner-2026,1. ELECTORAL,Governor,north_america,2026
BWR-GOP-WIN-SEN_AR-CERTIFIED-ANY-2026,Will Republicans win the Senate race in Arkansas?,Will Republicans win the Senate race in Arkansas?,Will the Republicans win the Arkansas Senate race in 2026?,SENATEAR-26-R,48125407658537781630126353551882211313520827583468729408685633955919030034320,0.039999999999999925,0.96,0.92,204.0,6199.753308999994,6403.753308999994,https://kalshi.com/events/SENATEAR-26,https://polymarket.com/event/arkansas-senate-election-winner,1. ELECTORAL,Senate,north_america,2026
BWR-DEM-WIN-SEN_MI-CERTIFIED-ANY-2026,Will Democratics win the Senate race in Michigan?,Will Democratics win the Senate race in Michigan?,Will the Democrats win the Michigan Senate race in 2026?,SENATEMI-26-D,71772627544132140586824126381855151743830987860593343955509593715269534710061,0.039999999999999925,0.78,0.82,36511.0,0.0,36511.0,https://kalshi.com/events/SENATEMI-26,https://polymarket.com/event/michigan-senate-election-winner,1. ELECTORAL,Senate,north_america,2026
BWR-GOP-WIN-SEN_OK-CERTIFIED-ANY-2026,Will Republicans win the Senate race in Oklahoma?,Will Republicans win the Senate race in Oklahoma?,Will the Republicans win the Oklahoma Senate race in 2026?,SENATEOK-26-R,83554519035704522672644117478876258278018394754028161940314277335853541553559,0.039999999999999925,0.97,0.93,131.0,0.0,131.0,https://kalshi.com/events/SENATEOK-26,https://polymarket.com/event/oklahoma-senate-election-winner,1. ELECTORAL,Senate,north_america,2026
BWR-CONLEY-WIN-DEM_NOM_NY17-PRIMARY-ANY-2026,Wil Cait Conley be the Democratic nominee for NY-17?,Wil Cait Conley be the Democratic nominee for NY-17?,Will Cait Conley be the Democratic nominee for NY-17?,KXNY17D-26-CCON,41628744409737886809583929395709797741578044836963629551972391969243029944953,0.039999999999999925,0.58,0.54,1894.0,1368.80619,3262.8061900000002,https://kalshi.com/events/KXNY17D-26,https://polymarket.com/event/who-will-be-the-democratic-nominee-for-ny-17,1. ELECTORAL,House,north_america,2026
BWR-GOP-WIN-HOUSE_AR04-CERTIFIED-ANY-2026,Will Republican win the House race for AR-04?,Will Republican win the House race for AR-04?,Will the Republican Party win the AR-04 House seat?,KXHOUSERACE-AR04-26-R,110260830882991092144633307502150803745905837491299682969153292964467579292018,0.039999999999999925,0.96,0.92,1655.0,4566.461866,6221.461866,https://kalshi.com/events/KXHOUSERACE-AR04-26,https://polymarket.com/event/ar-04-house-election-winner,1. ELECTORAL,House,north_america,2026
BWR-GOP-WIN-HOUSE_GA-08-CERTIFIED-ANY-2026,Will Republican win the House race for GA-08?,Will Republican win the House race for GA-08?,Will the Republican Party win the GA-08 House seat?,KXHOUSERACE-GA08-26-R,68120110448009989031065656822264193272426561846801844676568969344361398551648,0.039999999999999925,0.94,0.9,1180.0,2786.86,3966.86,https://kalshi.com/events/KXHOUSERACE-GA08-26,https://polymarket.com/event/ga-08-house-election-winner,1. ELECTORAL,House,north_america,2026
BWR-DEM-WIN-HOUSE_IL-02-CERTIFIED-ANY-2026,Will Democratic win the House race for IL-02?,Will Democratic win the House race for IL-02?,Will the Democratic Party win the IL-02 House seat?,KXHOUSERACE-IL02-26-D,107874773578875831519191855617905237640705922097459348930368867237115606461113,0.039999999999999925,0.97,0.93,0.0,0.0,0.0,https://kalshi.com/events/KXHOUSERACE-IL02-26,https://polymarket.com/event/il-02-house-election-winner,1. ELECTORAL,House,north_america,2026
BWR-GOP-WIN-HOUSE_IN08-CERTIFIED-ANY-2026,Will Republican win the House race for IN-08?,Will Republican win the House race for IN-08?,Will the Republican Party win the IN-08 House seat?,KXHOUSERACE-IN08-26-R,83388939929131108336260751638688657812004759539209873062054138374244861962518,0.039999999999999925,0.94,0.9,1677.0,4662.265008999999,6339.265008999999,https://kalshi.com/events/KXHOUSERACE-IN08-26,https://polymarket.com/event/in-08-house-election-winner,1. ELECTORAL,House,north_america,2026
BWR-DEM-WIN-HOUSE_KY03-CERTIFIED-ANY-2026,Will Democratic win the House race for KY-03?,Will Democratic win the House race for KY-03?,Will the Democratic Party win the KY-03 House seat?,KXHOUSERACE-KY03-26-D,50591339736475770518294199587652146939953189671285507981419322365453510581727,0.039999999999999925,0.95,0.91,5.0,0.0,5.0,https://kalshi.com/events/KXHOUSERACE-KY03-26,https://polymarket.com/event/ky-03-house-election-winner,1. ELECTORAL,House,north_america,2026
BWR-GOP-WIN-HOUSE_LA03-CERTIFIED-ANY-2026,Will Republican win the House race for LA-03?,Will Republican win the House race for LA-03?,Will the Republican Party win the LA-03 House seat?,KXHOUSERACE-LA03-26-R,46559339962892824606274258797447077966167957024115671040417650347842938163695,0.039999999999999925,0.96,0.92,9.0,0.0,9.0,https://kalshi.com/events/KXHOUSERACE-LA03-26,https://polymarket.com/event/la-03-house-election-winner,1. ELECTORAL,House,north_america,2026
BWR-DEM-WIN-HOUSE_MD02-CERTIFIED-ANY-2026,Will Democratic win the House race for MD-02?,Will Democratic win the House race for MD-02?,Will the Democratic Party win the MD-02 House seat?,KXHOUSERACE-MD02-26-D,53103196534956788063389746567749006622484562321611427912527055111548589493172,0.039999999999999925,0.96,0.92,1275.0,3464.0571470000004,4739.057147,https://kalshi.com/events/KXHOUSERACE-MD02-26,https://polymarket.com/event/md-02-house-election-winner,1. ELECTORAL,House,north_america,2026
BWR-GOP-WIN-HOUSE_MS01-CERTIFIED-ANY-2026,Will Republican win the House race for MS-01?,Will Republican win the House race for MS-01?,Will the Republican Party win the MS-01 House seat?,KXHOUSERACE-MS01-26-R,92647346316992751676627164095119824299317050597835904818990188130382378401349,0.039999999999999925,0.96,0.92,8515.0,0.0,8515.0,https://kalshi.com/events/KXHOUSERACE-MS01-26,https://polymarket.com/event/ms-01-house-election-winner,1. ELECTORAL,House,north_america,2026
BWR-DEM-WIN-HOUSE_NC04-CERTIFIED-ANY-2026,Will Democratic win the House race for NC-04?,Will Democratic win the House race for NC-04?,Will the Democratic Party win the NC-04 House seat?,KXHOUSERACE-NC04-26-D,80348145141998769103612399257374595121826988307658463327414883406718290605626,0.039999999999999925,0.96,0.92,1.0,0.0,1.0,https://kalshi.com/events/KXHOUSERACE-NC04-26,https://polymarket.com/event/nc-04-house-election-winner,1. ELECTORAL,House,north_america,2026
BWR-DEM-WIN-HOUSE_NJ10-CERTIFIED-ANY-2026,Will Democratic win the House race for NJ-10?,Will Democratic win the House race for NJ-10?,Will the Democratic Party win the NJ-10 House seat?,KXHOUSERACE-NJ10-26-D,102565258386966729991270568897193366739897983377313658805012297475758211587189,0.039999999999999925,0.96,0.92,23.0,0.0,23.0,https://kalshi.com/events/KXHOUSERACE-NJ10-26,https://polymarket.com/event/nj-10-house-election-winner,1. ELECTORAL,House,north_america,2026
BWR-DEM-WIN-HOUSE_NY_13-CERTIFIED-ANY-2026,Will Democratic win the House race for NY-13?,Will Democratic win the House race for NY-13?,Will the Democratic Party win the NY-13 House seat?,KXHOUSERACE-NY13-26-D,58170582826434624369183137827470621458750832571934268895241793899476487858088,0.039999999999999925,0.97,0.93,501.0,1504.397825,2005.397825,https://kalshi.com/events/KXHOUSERACE-NY13-26,https://polymarket.com/event/ny-13-house-election-winner,1. ELECTORAL,House,north_america,2026
BWR-GOP-WIN-HOUSE_TN01-CERTIFIED-ANY-2026,Will Republican win the House race for TN-01?,Will Republican win the House race for TN-01?,Will the Republican Party win the TN-01 House seat?,KXHOUSERACE-TN01-26-R,16195838128710881237082381178558809172625382276130310980233599362132228994353,0.039999999999999925,0.97,0.93,1.0,3012.7,3013.7,https://kalshi.com/events/KXHOUSERACE-TN01-26,https://polymarket.com/event/tn-01-house-election-winner,1. ELECTORAL,House,north_america,2026
BWR-GOP-WIN-HOUSE_TN04-CERTIFIED-ANY-2026,Will Republican win the House race for TN-04?,Will Republican win the House race for TN-04?,Will the Republican Party win the TN-04 House seat?,KXHOUSERACE-TN04-26-R,89912048965400574485239055076118317440818499337399813349793326068727444685375,0.039999999999999925,0.95,0.91,9.0,0.0,9.0,https://kalshi.com/events/KXHOUSERACE-TN04-26,https://polymarket.com/event/tn-04-house-election-winner,1. ELECTORAL,House,north_america,2026
BWR-GOP-WIN-HOUSE_TX11-CERTIFIED-ANY-2026,Will Republican win the House race for TX-11?,Will Republican win the House race for TX-11?,Will the Republican Party win the TX-11 House seat?,KXHOUSERACE-TX11-26-R,23558483536458222791414545498686556509103620164041752421285875325209401149602,0.039999999999999925,0.94,0.9,262.0,0.0,262.0,https://kalshi.com/events/KXHOUSERACE-TX11-26,https://polymarket.com/event/tx-11-house-election-winner,1. ELECTORAL,House,north_america,2026
BWR-GOP-WIN-HOUSE_WI08-CERTIFIED-ANY-2026,Will Republican win the House race for WI-08?,Will Republican win the House race for WI-08?,Will the Republican Party win the WI-08 House seat?,KXHOUSERACE-WI08-26-R,43276415950370358730847651854128514460677470973031734146599109536942266478959,0.039999999999999925,0.83,0.79,2986.0,0.0,2986.0,https://kalshi.com/events/KXHOUSERACE-WI08-26,https://polymarket.com/event/wi-08-house-election-winner,1. ELECTORAL,House,north_america,2026
BWR-ORBAN-LEAVE-PM_HU-ANY_MEANS-ANY-2026,"Will Viktor Orbán leave Prime Minister of Hungary before Jan 1, 2027?","Will Viktor Orbán leave Prime Minister of Hungary before Jan 1, 2027?",Viktor Orbán out in 2026?,KXLEADERSOUT-27JAN01-VORBHUN,32402323872163219437586841469527883487852570105040853435192421086806034590591,0.039999999999999925,0.72,0.68,48151.0,44992.16862200006,93143.16862200006,https://kalshi.com/events/KXLEADERSOUT-27JAN01,https://polymarket.com/event/viktor-orbn-out-in-2026,1. ELECTORAL,Prime Minister,europe,2027
BWR-AMADOR-WIN-DEM_NOM_NY13-PRIMARY-ANY-2026,Will Jaliel Amador be the Democratic nominee for NY-13?,Will Jaliel Amador be the Democratic nominee for NY-13?,Will Jaleel Amador be the Democratic Nominee for NY-13?,KXNY13D-26-JAMA,22923368263767590428987798075575909590223530155664669069971868689484297261500,0.038,0.04,0.002,84.0,0.0,84.0,https://kalshi.com/events/KXNY13D-26,https://polymarket.com/event/ny-13-democratic-primary-winner,1. ELECTORAL,House,north_america,2026
BWR-MILLER-WIN-DEM_NOM_NY13-PRIMARY-ANY-2026,Will Matt Miller be the Democratic nominee for NY-13?,Will Matt Miller be the Democratic nominee for NY-13?,Will Matt Miller be the Democratic Nominee for NY-13?,KXNY13D-26-MMIL,8608317574717919639592346411602668438605050919704951969833903607649299947045,0.035,0.04,0.005,210.0,0.0,210.0,https://kalshi.com/events/KXNY13D-26,https://polymarket.com/event/ny-13-democratic-primary-winner,1. ELECTORAL,House,north_america,2026
BWR-MURKOWSKI-WIN-GOV_AK-CERTIFIED-ANY-2026,Who will win the governorship in Alaska?,Who will win the governorship in Alaska?,Will Lisa Murkowski win the 2026 Alaska governor election?,KXGOVAK-26-LMUR,27870085196735337387089467371194098802406160667325183183674887905666301487196,0.035,0.04,0.005,220.0,0.0,220.0,https://kalshi.com/events/KXGOVAK-26,https://polymarket.com/event/alaska-governor-election-winner,1. ELECTORAL,Governor,north_america,2026
BWR-GARNER-WIN-MAYOR_NEWARK_R2-CERTIFIED-ANY-2026,Who will win the 2026 Newark mayoral election (including any runoffs)?,Who will win the 2026 Newark mayoral election (including any runoffs)?,Will Tanisha Garner win the Newark mayoral election?,KXNEWARKMAYOR-26-TGAR,35217836889848090696689215639473967448822544931830626938396073119226165318607,0.034,0.04,0.006,0.0,0.0,0.0,https://kalshi.com/events/KXNEWARKMAYOR-26,https://polymarket.com/event/newark-mayoral-election,1. ELECTORAL,Mayor,north_america,2026
BWR-MILTON-WIN-MAYOR_NEWARK_R2-CERTIFIED-ANY-2026,Who will win the 2026 Newark mayoral election (including any runoffs)?,Who will win the 2026 Newark mayoral election (including any runoffs)?,Will Noble Milton win the Newark mayoral election?,KXNEWARKMAYOR-26-NMIL,9676139750568345380530685572344799703730787378559771377132525842469105134012,0.032,0.04,0.008,0.0,0.0,0.0,https://kalshi.com/events/KXNEWARKMAYOR-26,https://polymarket.com/event/newark-mayoral-election,1. ELECTORAL,Mayor,north_america,2026
BWR-DEM-WIN-SEN_NE-CERTIFIED-ANY-2026,Will Democratics win the Senate race in Nebraska?,Will Democratics win the Senate race in Nebraska?,Will the Democrats win the Nebraska Senate race in 2026?,SENATENE-26-D,55269299240433422758148290868724152324629587438760275683104577693660207425448,0.031,0.01,0.041,19886.0,38673.19461599996,58559.19461599996,https://kalshi.com/events/SENATENE-26,https://polymarket.com/event/nebraska-senate-election-winner,1. ELECTORAL,Senate,north_america,2026
BWR-J_POWELL-LEAVE-FED_BOARD-ANY_MEANS-ANY-2026,"Will Jerome Powell leave Member of the Board of Governors of the Federal Reserve System before Jan 1, 2027?","Will Jerome Powell leave Member of the Board of Governors of the Federal Reserve System before Jan 1, 2027?",Jerome Powell out from Fed Board by December 31?,KXLEAVEPOWELLGOV-26AUG01-27,22801850234146882171623964647122386741389461559306988855789494206399090605744,0.030000000000000027,0.72,0.69,1620.0,48878.27167999999,50498.27167999999,https://kalshi.com/events/KXLEAVEPOWELLGOV-26AUG01,https://polymarket.com/event/jerome-powell-out-from-fed-board-by,2. MONETARY_POLICY,,north_america,
BWR-GOP-CONTROL-SENATE-CERTIFIED-ANY-2026,Will Republicans win the U.S. Senate in 2026?,Will Republicans win the U.S. Senate in 2026?,Will the Republican Party control the Senate after the 2026 Midterm elections?,CONTROLS-2026-R,51939490109676186832507970701169130490548061087912630009168726706475001411420,0.030000000000000027,0.51,0.48,1026790.0,460819.4362280008,1487609.4362280008,https://kalshi.com/events/CONTROLS-2026,https://polymarket.com/event/which-party-will-win-the-senate-in-2026,1. ELECTORAL,Senate,north_america,2026
BWR-GOP-WIN-HOUSE_PA15-CERTIFIED-ANY-2026,Will Republican win the House race for PA-15?,Will Republican win the House race for PA-15?,Will the Republican Party win the PA-15 House seat?,KXHOUSERACE-PA15-26-R,66651842382408982655874671572682954771625903570272496155121637911253362704144,0.030000000000000027,0.93,0.9,7463.0,0.0,7463.0,https://kalshi.com/events/KXHOUSERACE-PA15-26,https://polymarket.com/event/pa-15-house-election-winner,1. ELECTORAL,House,north_america,2026
BWR-SWALWELL-WIN-GOV_CA-CERTIFIED-ANY-2026,Who will win the governorship in California?,Who will win the governorship in California?,Will Eric Swalwell win the California Governor Election in 2026?,KXGOVCA-26-ESWA,53108492762804322790881187287769990850666506477078895895702280937595932013486,0.030000000000000027,0.57,0.6,684359.0,57456.605399,741815.605399,https://kalshi.com/events/KXGOVCA-26,https://polymarket.com/event/california-governor-election-2026,1. ELECTORAL,Governor,north_america,2026
BWR-DEM-WIN-GOV_OR-CERTIFIED-ANY-2026,Will the Democratic party win the governorship in Oregon,Will the Democratic party win the governorship in Oregon,Will the Democrats win the Oregon governor race in 2026?,GOVPARTYOR-26-D,9755787435930070640870536823763281543938387827225853124824813626465365556107,0.030000000000000027,0.89,0.86,7439.0,5388.320016000001,12827.320016000001,https://kalshi.com/events/GOVPARTYOR-26,https://polymarket.com/event/oregon-governor-winner-2026,1. ELECTORAL,Governor,north_america,2026
BWR-PELTOLA-WIN-SENATE_AK-CERTIFIED-ANY-2026,Will Mary Peltola win the 2026 Alaska Senate race?,Will Mary Peltola win the 2026 Alaska Senate race?,Will Mary Peltola win the Alaska Senate race in 2026?,KXAKSENATE-26NOV03-MPEL,72139607190315861034411702195742538105117960260100800877125381826122747504258,0.030000000000000027,0.58,0.61,6472.0,136569.9047739999,143041.9047739999,https://kalshi.com/events/KXAKSENATE-26NOV03,https://polymarket.com/event/alaska-senate-election-winner,1. ELECTORAL,Senate,north_america,2026
BWR-BEGICH-WIN-GOV_AK-CERTIFIED-ANY-2026,Who will win the governorship in Alaska?,Who will win the governorship in Alaska?,Will Tom Begich win the 2026 Alaska governor election?,KXGOVAK-26-TBEG,88923835626751439335001852098823598444201043849577093630790185644778054232354,0.030000000000000027,0.24,0.27,4972.0,92251.95209799997,97223.95209799997,https://kalshi.com/events/KXGOVAK-26,https://polymarket.com/event/alaska-governor-election-winner,1. ELECTORAL,Governor,north_america,2026
BWR-GOP-WIN-HOUSE_FL04-CERTIFIED-ANY-2026,Will Republican win the House race for FL-04?,Will Republican win the House race for FL-04?,Will the Republican Party win the FL-04 House seat?,KXHOUSERACE-FL04-26-R,23596369499779152397891425859484409991842806532061356717884745743527936130199,0.030000000000000027,0.86,0.83,463.0,0.0,463.0,https://kalshi.com/events/KXHOUSERACE-FL04-26,https://polymarket.com/event/fl-04-house-election-winner,1. ELECTORAL,House,north_america,2026
BWR-GOP-WIN-HOUSE_KY05-CERTIFIED-ANY-2026,Will Republican win the House race for KY-05?,Will Republican win the House race for KY-05?,Will the Republican Party win the KY-05 House seat?,KXHOUSERACE-KY05-26-R,52484774734621682181864213485431302011655575694089921306871127190172004160320,0.030000000000000027,0.9,0.93,5.0,0.0,5.0,https://kalshi.com/events/KXHOUSERACE-KY05-26,https://polymarket.com/event/ky-05-house-election-winner,1. ELECTORAL,House,north_america,2026
BWR-GOP-WIN-HOUSE_OH_05-CERTIFIED-ANY-2026,Will Republican win the House race for OH-05?,Will Republican win the House race for OH-05?,Will the Republican Party win the OH-05 House seat?,KXHOUSERACE-OH05-26-R,90548730335693316560617616081348165677380076132933269105553637807854203109889,0.030000000000000027,0.92,0.89,222.0,0.0,222.0,https://kalshi.com/events/KXHOUSERACE-OH05-26,https://polymarket.com/event/oh-05-house-election-winner,1. ELECTORAL,House,north_america,2026
BWR-GOP-WIN-HOUSE_OH_15-CERTIFIED-ANY-2026,Will Republican win the House race for OH-15?,Will Republican win the House race for OH-15?,Will the Republican Party win the OH-15 House seat?,KXHOUSERACE-OH15-26-R,97813253986291805301845546476916155582068629376011287079676633578166768758974,0.030000000000000027,0.78,0.75,283.0,0.0,283.0,https://kalshi.com/events/KXHOUSERACE-OH15-26,https://polymarket.com/event/oh-15-house-election-winner,1. ELECTORAL,House,north_america,2026
BWR-DEM-WIN-HOUSE_PA16-CERTIFIED-ANY-2026,Will Democratic win the House race for PA-16?,Will Democratic win the House race for PA-16?,Will the Democratic Party win the PA-16 House seat?,KXHOUSERACE-PA16-26-D,34053878432533318652191104096144436940599920381725408576737218525673551806154,0.030000000000000013,0.14,0.11,1058.0,2734.949609,3792.949609,https://kalshi.com/events/KXHOUSERACE-PA16-26,https://polymarket.com/event/pa-16-house-election-winner,1. ELECTORAL,House,north_america,2026
BWR-GOP-WIN-HOUSE_CA_45-CERTIFIED-ANY-2026,Will Republican win the House race for CA-45?,Will Republican win the House race for CA-45?,Will the Republican Party win the CA-45 House seat?,HOUSECA45-26-R,92389549246835627050555501183327472541904665564756518597843287824458690444144,0.030000000000000013,0.14,0.11,1643.0,1992.652004,3635.652004,https://kalshi.com/events/HOUSECA45-26,https://polymarket.com/event/ca-45-house-election-winner,1. ELECTORAL,House,north_america,2026
BWR-GOP-WIN-GOV_HI-CERTIFIED-ANY-2026,Will the Republican party win the governorship in Hawaii,Will the Republican party win the governorship in Hawaii,Will the Republicans win the Hawaii governor race in 2026?,GOVPARTYHI-26-R,6206829575409742132406519993328718521258147411060807019224318077365646262406,0.030000000000000006,0.07,0.04,638.0,0.0,638.0,https://kalshi.com/events/GOVPARTYHI-26,https://polymarket.com/event/hawaii-governor-winner-2026,1. ELECTORAL,Governor,north_america,2026
BWR-GOP-WIN-GOV_MD-CERTIFIED-ANY-2026,Will the Republican party win the governorship in Maryland,Will the Republican party win the governorship in Maryland,Will the Republicans win the Maryland governor race in 2026?,GOVPARTYMD-26-R,99454680080858182975916786322594927636228275589135289499749895045005789315019,0.030000000000000006,0.07,0.04,722.0,0.0,722.0,https://kalshi.com/events/GOVPARTYMD-26,https://polymarket.com/event/maryland-governor-winner-2026,1. ELECTORAL,Governor,north_america,2026
BWR-GOP-WIN-HOUSE_NY_14-CERTIFIED-ANY-2026,Will Republican win the House race for NY-14?,Will Republican win the House race for NY-14?,Will the Republican Party win the NY-14 House seat?,KXHOUSERACE-NY14-26-R,95600367925137017171150526164271722461980653422420437201293541800270186240768,0.030000000000000006,0.04,0.07,346.0,1203.864775,1549.864775,https://kalshi.com/events/KXHOUSERACE-NY14-26,https://polymarket.com/event/ny-14-house-election-winner,1. ELECTORAL,House,north_america,2026
BWR-DEM-WIN-HOUSE_OH_04-CERTIFIED-ANY-2026,Will Democratic win the House race for OH-04?,Will Democratic win the House race for OH-04?,Will the Democratic Party win the OH-04 House seat?,KXHOUSERACE-OH04-26-D,33753985272393289985995851488505080256680491918964035823089182986480417194364,0.030000000000000006,0.04,0.07,403.0,0.0,403.0,https://kalshi.com/events/KXHOUSERACE-OH04-26,https://polymarket.com/event/oh-04-house-election-winner,1. ELECTORAL,House,north_america,2026
BWR-GOP-WIN-HOUSE_TX16-CERTIFIED-ANY-2026,Will Republican win the House race for TX-16?,Will Republican win the House race for TX-16?,Will the Republican Party win the TX-16 House seat?,KXHOUSERACE-TX16-26-R,35577064409063813708284419240566389413043086456734169641621246612177486250393,0.030000000000000006,0.04,0.07,436.0,0.0,436.0,https://kalshi.com/events/KXHOUSERACE-TX16-26,https://polymarket.com/event/tx-16-house-election-winner,1. ELECTORAL,House,north_america,2026
BWR-GOP-WIN-HOUSE_MA07-CERTIFIED-ANY-2026,Will Republican win the House race for MA-07?,Will Republican win the House race for MA-07?,Will the Republican Party win the MA-07 House seat?,KXHOUSERACE-MA07-26-R,96071557716589239607557383451163817935657548920530071806737185506482842924224,0.03,0.03,0.06,102.0,0.0,102.0,https://kalshi.com/events/KXHOUSERACE-MA07-26,https://polymarket.com/event/ma-07-house-election-winner,1. ELECTORAL,House,north_america,2026
BWR-DEM-WIN-GOV_TX-CERTIFIED-ANY-2026,Will the Democratic party win the governorship in Texas,Will the Democratic party win the governorship in Texas,Will the Democrats win the Texas governor race in 2026?,GOVPARTYTX-26-D,48232987449750988261789196083999659380058157021032932634331257492238853387252,0.03,0.12,0.15,30971.0,0.0,30971.0,https://kalshi.com/events/GOVPARTYTX-26,https://polymarket.com/event/texas-governor-winner-2026,1. ELECTORAL,Governor,north_america,2026
BWR-DEM-WIN-GOV_WY-CERTIFIED-ANY-2026,Will the Democratic party win the governorship in Wyoming,Will the Democratic party win the governorship in Wyoming,Will the Democrats win the Wyoming governor race in 2026?,GOVPARTYWY-26-D,27698880682601961151205903485139737259763277359865731443999905606295817799595,0.03,0.06,0.03,2.0,967.482221,969.482221,https://kalshi.com/events/GOVPARTYWY-26,https://polymarket.com/event/wyoming-governor-winner-2026,1. ELECTORAL,Governor,north_america,2026
BWR-GOP-WIN-SEN_MN-CERTIFIED-ANY-2026,Will Republicans win the Senate race in Minnesota?,Will Republicans win the Senate race in Minnesota?,Will the Republicans win the Minnesota Senate race in 2026?,SENATEMN-26-R,70179930004460104520571721963263381325865077807861641105900318902168490512539,0.03,0.11,0.08,23176.0,3757.122978,26933.122978,https://kalshi.com/events/SENATEMN-26,https://polymarket.com/event/minnesota-senate-election-winner,1. ELECTORAL,Senate,north_america,2026
BWR-GOP-WIN-HOUSE_CA17-CERTIFIED-ANY-2026,Will Republican win the House race for CA-17?,Will Republican win the House race for CA-17?,Will the Republican Party win the CA-17 House seat?,KXHOUSERACE-CA17-26-R,31716558951764367817603701750430875409552385403445590084030710604263053895732,0.03,0.04,0.01,524.0,0.0,524.0,https://kalshi.com/events/KXHOUSERACE-CA17-26,https://polymarket.com/event/ca-17-house-election-winner,1. ELECTORAL,House,north_america,2026
BWR-GOP-WIN-HOUSE_CA19-CERTIFIED-ANY-2026,Will Republican win the House race for CA-19?,Will Republican win the House race for CA-19?,Will the Republican Party win the CA-19 House seat?,KXHOUSERACE-CA19-26-R,45737222408527676290848253906005199140480244677586869272003090968468861765619,0.03,0.03,0.06,633.0,55.080000000000005,688.08,https://kalshi.com/events/KXHOUSERACE-CA19-26,https://polymarket.com/event/ca-19-house-election-winner,1. ELECTORAL,House,north_america,2026
BWR-GOP-WIN-HOUSE_CA42-CERTIFIED-ANY-2026,Will Republican win the House race for CA-42?,Will Republican win the House race for CA-42?,Will the Republican Party win the CA-42 House seat?,KXHOUSERACE-CA42-26-R,82625501224153351263283448093736423421388379381044219319023710722505269708056,0.03,0.03,0.06,0.0,0.0,0.0,https://kalshi.com/events/KXHOUSERACE-CA42-26,https://polymarket.com/event/ca-42-house-election-winner,1. ELECTORAL,House,north_america,2026
BWR-GOP-WIN-HOUSE_DE_AL-CERTIFIED-ANY-2026,Will Republican win the House race for DE-AL?,Will Republican win the House race for DE-AL?,Will the Republican Party win the DE-AL House seat?,KXHOUSERACE-DEAL-26-R,84375248448952157829305563096888387397309646158564825254960077581421213225020,0.03,0.03,0.06,1.0,0.0,1.0,https://kalshi.com/events/KXHOUSERACE-DEAL-26,https://polymarket.com/event/de-al-house-election-winner,1. ELECTORAL,Governor,north_america,2026
BWR-DEM-WIN-HOUSE_FL21-CERTIFIED-ANY-2026,Will Democratic win the House race for FL-21?,Will Democratic win the House race for FL-21?,Will the Democratic Party win the FL-21 House seat?,KXHOUSERACE-FL21-26-D,52289278658852357070074055114030917175362909425778773997096870068440775068459,0.03,0.09,0.12,1098.0,2208.669945000001,3306.669945000001,https://kalshi.com/events/KXHOUSERACE-FL21-26,https://polymarket.com/event/fl-21-house-election-winner,1. ELECTORAL,House,north_america,2026
BWR-GOP-WIN-HOUSE_NC12-CERTIFIED-ANY-2026,Will Republican win the House race for NC-12?,Will Republican win the House race for NC-12?,Will the Republican Party win the NC-12 House seat?,KXHOUSERACE-NC12-26-R,92876696786310092402106709250838266306626393198259162010596802528888357172007,0.03,0.03,0.06,1082.0,0.0,1082.0,https://kalshi.com/events/KXHOUSERACE-NC12-26,https://polymarket.com/event/nc-12-house-election-winner,1. ELECTORAL,House,north_america,2026
BWR-GOP-WIN-HOUSE_NM03-CERTIFIED-ANY-2026,Will Republican win the House race for NM-03?,Will Republican win the House race for NM-03?,Will the Republican Party win the NM-03 House seat?,KXHOUSERACE-NM03-26-R,89654933621345833305483667190832583160360088554140500156118938848663728671323,0.03,0.13,0.1,57.0,0.0,57.0,https://kalshi.com/events/KXHOUSERACE-NM03-26,https://polymarket.com/event/nm-03-house-election-winner,1. ELECTORAL,House,north_america,2026
BWR-DEM-WIN-HOUSE_SC03-CERTIFIED-ANY-2026,Will Democratic win the House race for SC-03?,Will Democratic win the House race for SC-03?,Will the Democratic Party win the SC-03 House seat?,KXHOUSERACE-SC03-26-D,10492864506067148925034491451494292078961078230197816133300727354426417896248,0.03,0.03,0.06,814.0,0.0,814.0,https://kalshi.com/events/KXHOUSERACE-SC03-26,https://polymarket.com/event/sc-03-house-election-winner,1. ELECTORAL,House,north_america,2026
BWR-DEM-WIN-HOUSE_SC05-CERTIFIED-ANY-2026,Will Democratic win the House race for SC-05?,Will Democratic win the House race for SC-05?,Will the Democratic Party win the SC-05 House seat?,KXHOUSERACE-SC05-26-D,82878637574365125981603523437122109931677971292343890795258385537201932019290,0.03,0.07,0.1,760.0,0.0,760.0,https://kalshi.com/events/KXHOUSERACE-SC05-26,https://polymarket.com/event/sc-05-house-election-winner,1. ELECTORAL,House,north_america,2026
BWR-DEM-WIN-HOUSE_TN07-CERTIFIED-ANY-2026,Will Democratic win the House race for TN-07?,Will Democratic win the House race for TN-07?,Will the Democratic Party win the TN-07 House seat?,KXHOUSERACE-TN07-26-D,65388880427163602882229538567622206362552800469128312771776276810183468857557,0.03,0.07,0.1,324.0,0.0,324.0,https://kalshi.com/events/KXHOUSERACE-TN07-26,https://polymarket.com/event/tn-07-house-election-winner,1. ELECTORAL,House,north_america,2026
BWR-DEM-WIN-HOUSE_TX31-CERTIFIED-ANY-2026,Will Democratic win the House race for TX-31?,Will Democratic win the House race for TX-31?,Will the Democratic Party win the TX-31 House seat?,KXHOUSERACE-TX31-26-D,19414224243118898738727588796572632606097679873511766779898053300187932342977,0.03,0.15,0.12,826.0,0.0,826.0,https://kalshi.com/events/KXHOUSERACE-TX31-26,https://polymarket.com/event/tx-31-house-election-winner,1. ELECTORAL,House,north_america,2026
BWR-TRUMP-PARDON-MAXWELL-STD-ANY-2026,"Will Ghislaine Maxwell receive a presidential pardon before Jan 1, 2027?","Will Ghislaine Maxwell receive a presidential pardon before Jan 1, 2027?",Will Trump pardon Ghislaine Maxwell by end of 2026?,KXTRUMPPARDON-27JAN01-GMAX,703229116919803457142440034780425874346022451261358752931225117413237404457,0.03,0.08,0.05,26317.0,495719.014743,522036.014743,https://kalshi.com/events/KXTRUMPPARDON-27JAN01,https://polymarket.com/event/will-trump-pardon-ghislaine-maxwell,7. JUDICIAL,,north_america,
BWR-TRUMP-MEET-MADURO-IN_PERSON-ANY-2026,"Will Donald Trump meet in person Nicolás Maduro before Jan 1, 2027?","Will Donald Trump meet in person Nicolás Maduro before Jan 1, 2027?",Will Trump meet with Nicolás Maduro in 2026?,KXTRUMPMEETING-27JAN01-NNMAD,73782796275617615637317117880975174495040640151280258413438875217741954276388,0.03,0.12,0.09,45235.0,6542.158793999998,51777.158793999995,https://kalshi.com/events/KXTRUMPMEETING-27JAN01,https://polymarket.com/event/who-will-trump-meet-with-in-2026,6. INTERNATIONAL,,north_america,
BWR-GOP-WIN-GOV_NV-CERTIFIED-ANY-2026,Will the Republican party win the governorship in Nevada,Will the Republican party win the governorship in Nevada,Will the Republicans win the Nevada governor race in 2026?,GOVPARTYNV-26-R,26514162544090965098284473937422427465088569867873952479707540387314217381282,0.02999999999999997,0.48,0.45,29391.0,0.0,29391.0,https://kalshi.com/events/GOVPARTYNV-26,https://polymarket.com/event/nevada-governor-winner-2026,1. ELECTORAL,Governor,north_america,2026
BWR-DEM-WIN-GOV_PA-CERTIFIED-ANY-2026,Will the Democratic party win the governorship in Pennsylvania,Will the Democratic party win the governorship in Pennsylvania,Will the Democrats win the Pennsylvania governor race in 2026?,GOVPARTYPA-26-D,86158564038726526008163887440654010269502827272776903587995739265573029112945,0.029999999999999916,0.96,0.93,9901.0,0.0,9901.0,https://kalshi.com/events/GOVPARTYPA-26,https://polymarket.com/event/pennsylvania-governor-winner-2026,1. ELECTORAL,Governor,north_america,2026
BWR-DEM-WIN-GOV_HI-CERTIFIED-ANY-2026,Will the Democratic party win the governorship in Hawaii,Will the Democratic party win the governorship in Hawaii,Will the Democrats win the Hawaii governor race in 2026?,GOVPARTYHI-26-D,110136962687751258520353298894226275160632723246908859759371791290370868364654,0.029999999999999916,0.96,0.93,5294.0,0.0,5294.0,https://kalshi.com/events/GOVPARTYHI-26,https://polymarket.com/event/hawaii-governor-winner-2026,1. ELECTORAL,Governor,north_america,2026
BWR-DEM-WIN-HOUSE_CA33-CERTIFIED-ANY-2026,Will Democratic win the House race for CA-33?,Will Democratic win the House race for CA-33?,Will the Democratic Party win the CA-33 House seat?,KXHOUSERACE-CA33-26-D,90218640894801286056699580976373890351978277299544759889402066126599593735696,0.029999999999999916,0.94,0.91,5388.0,0.0,5388.0,https://kalshi.com/events/KXHOUSERACE-CA33-26,https://polymarket.com/event/ca-33-house-election-winner,1. ELECTORAL,House,north_america,2026
BWR-DEM-WIN-HOUSE_NJ12-CERTIFIED-ANY-2026,Will Democratic win the House race for NJ-12?,Will Democratic win the House race for NJ-12?,Will the Democratic Party win the NJ-12 House seat?,KXHOUSERACE-NJ12-26-D,58000982583426728440915996215221700481980011336202402650943195558769098868507,0.029999999999999916,0.94,0.91,3822.0,0.0,3822.0,https://kalshi.com/events/KXHOUSERACE-NJ12-26,https://polymarket.com/event/nj-12-house-election-winner,1. ELECTORAL,House,north_america,2026
BWR-DEM-WIN-HOUSE_OH_03-CERTIFIED-ANY-2026,Will Democratic win the House race for OH-03?,Will Democratic win the House race for OH-03?,Will the Democratic Party win the OH-03 House seat?,KXHOUSERACE-OH03-26-D,31818167637638201764630213199854563023139344993434470946616864025870547654076,0.029999999999999916,0.96,0.93,4508.0,0.0,4508.0,https://kalshi.com/events/KXHOUSERACE-OH03-26,https://polymarket.com/event/oh-03-house-election-winner,1. ELECTORAL,House,north_america,2026
BWR-GOP-WIN-HOUSE_TN03-CERTIFIED-ANY-2026,Will Republican win the House race for TN-03?,Will Republican win the House race for TN-03?,Will the Republican Party win the TN-03 House seat?,KXHOUSERACE-TN03-26-R,93881899298183160568225099752435845300971041672134641784714372279339713757433,0.029999999999999916,0.94,0.91,12843.0,0.0,12843.0,https://kalshi.com/events/KXHOUSERACE-TN03-26,https://polymarket.com/event/tn-03-house-election-winner,1. ELECTORAL,House,north_america,2026
BWR-GOP-WIN-HOUSE_TX01-CERTIFIED-ANY-2026,Will Republican win the House race for TX-01?,Will Republican win the House race for TX-01?,Will the Republican Party win the TX-01 House seat?,KXHOUSERACE-TX01-26-R,79925970263561621628624491915611773703665237269523462229478806293334255185865,0.029999999999999916,0.95,0.92,1255.0,0.0,1255.0,https://kalshi.com/events/KXHOUSERACE-TX01-26,https://polymarket.com/event/tx-01-house-election-winner,1. ELECTORAL,House,north_america,2026
BWR-DEM-WIN-HOUSE_WI04-CERTIFIED-ANY-2026,Will Democratic win the House race for WI-04?,Will Democratic win the House race for WI-04?,Will the Democratic Party win the WI-04 House seat?,KXHOUSERACE-WI04-26-D,57037062729098974416650166727488514169535242958694750344721551137413848735145,0.029999999999999916,0.95,0.92,149.0,0.0,149.0,https://kalshi.com/events/KXHOUSERACE-WI04-26,https://polymarket.com/event/wi-04-house-election-winner,1. ELECTORAL,House,north_america,2026
BWR-GOP-WIN-HOUSE_WV02-CERTIFIED-ANY-2026,Will Republican win the House race for WV-02?,Will Republican win the House race for WV-02?,Will the Republican Party win the WV-02 House seat?,KXHOUSERACE-WV02-26-R,91024980576486771306464625189800756549107953565540814290091073742983490536304,0.029999999999999916,0.95,0.92,502.0,0.0,502.0,https://kalshi.com/events/KXHOUSERACE-WV02-26,https://polymarket.com/event/wv-02-house-election-winner,1. ELECTORAL,House,north_america,2026
BWR-BOC-CUT-OVERNIGHT_RATE-SPECIFIC_MEETING-25BPS-APR2026,Will Bank of Canada Cut rates by 25bps at their April 2026 meeting?,Will Bank of Canada Cut rates by 25bps at their April 2026 meeting?,Will the Bank of Canada announce a 50+ bps decrease at the April meeting?,KXCBDECISIONCANADA-26APR-C25,49889828270032554259154013371082815140404447607531161987150980618541819533577,0.028999999999999998,0.03,0.001,513.0,1856.2273930000008,2369.227393000001,https://kalshi.com/events/KXCBDECISIONCANADA-26APR,https://polymarket.com/event/bank-of-canada-decision-in-april,2. MONETARY_POLICY,,north_america,
BWR-SINGLETON-WIN-MAYOR_NEWARK_R2-CERTIFIED-ANY-2026,Who will win the 2026 Newark mayoral election (including any runoffs)?,Who will win the 2026 Newark mayoral election (including any runoffs)?,Will Nasheedah Singleton win the Newark mayoral election?,KXNEWARKMAYOR-26-NSIN,53547352963271306659931581209254443613583539317725677289072118984965630435420,0.028,0.04,0.012,0.0,0.0,0.0,https://kalshi.com/events/KXNEWARKMAYOR-26,https://polymarket.com/event/newark-mayoral-election,1. ELECTORAL,Mayor,north_america,2026
BWR-DAVIS-WIN-MAYOR_NEWARK_R2-CERTIFIED-ANY-2026,Who will win the 2026 Newark mayoral election (including any runoffs)?,Who will win the 2026 Newark mayoral election (including any runoffs)?,Will Douglas Davis win the Newark mayoral election?,KXNEWARKMAYOR-26-DDAV,110098187298571690750766350693598728024810869317073348905405467445044981730047,0.028,0.04,0.012,0.0,0.0,0.0,https://kalshi.com/events/KXNEWARKMAYOR-26,https://polymarket.com/event/newark-mayoral-election,1. ELECTORAL,Mayor,north_america,2026
BWR-PARKER-WIN-MAYOR_DC-CERTIFIED-ANY-2026,Who will win the 2026 D.C. Democratic Mayoral Primary?,Who will win the 2026 D.C. Democratic Mayoral Primary?,Will Zachary Parker win the 2026 Democratic D.C. Mayoral Primary?,KXDCMAYORD-26-ZPAR,19065159831910140612703817006690590944361904716837216543027530460683227629451,0.027999999999999997,0.03,0.002,1.0,0.0,1.0,https://kalshi.com/events/KXDCMAYORD-26,https://polymarket.com/event/who-will-win-the-2026-democratic-dc-mayoral-primary,1. ELECTORAL,Mayor,north_america,2026
BWR-STEYER-WIN-GOV_CA-CERTIFIED-ANY-2026,Who will win the governorship in California?,Who will win the governorship in California?,Will Tom Steyer win the California Governor Election in 2026?,KXGOVCA-26-TSTE,20705956847651355292903061592334315186019059728484478747049630947764308652621,0.02700000000000001,0.14,0.113,335703.0,73385.30089500004,409088.30089500005,https://kalshi.com/events/KXGOVCA-26,https://polymarket.com/event/california-governor-election-2026,1. ELECTORAL,Governor,north_america,2026
BWR-HILTON-WIN-GOV_CA-CERTIFIED-ANY-2026,Who will win the governorship in California?,Who will win the governorship in California?,Will Steve Hilton win the California Governor Election in 2026?,KXGOVCA-26-SHIL,82742036522262670996662794097029680950132682539859985097974842241612036171395,0.026999999999999996,0.11,0.083,312375.0,106693.696612,419068.696612,https://kalshi.com/events/KXGOVCA-26,https://polymarket.com/event/california-governor-election-2026,1. ELECTORAL,Governor,north_america,2026
BWR-DEM-WIN-GOV_MD-CERTIFIED-ANY-2026,Will the Democratic party win the governorship in Maryland,Will the Democratic party win the governorship in Maryland,Will the Democrats win the Maryland governor race in 2026?,GOVPARTYMD-26-D,21509039698927424303190259436702262868147960450053769072201076877922760800234,0.026999999999999913,0.96,0.933,2337.0,0.0,2337.0,https://kalshi.com/events/GOVPARTYMD-26,https://polymarket.com/event/maryland-governor-winner-2026,1. ELECTORAL,Governor,north_america,2026
BWR-PARK-WIN-MAYOR_SEOUL-CERTIFIED-ANY-2026,Will Park Ju-min win the 2026 Seoul mayoral election?,Will Park Ju-min win the 2026 Seoul mayoral election?,Will Park Yong-jin win the 2026 Seoul Mayoral Election,KXSEOULMAYOR-26JUN03-PJUM,73350868350790081840896938810452519668998916330985402106065333421434002413166,0.026,0.03,0.004,117.0,697918.8649720019,698035.8649720019,https://kalshi.com/events/KXSEOULMAYOR-26JUN03,https://polymarket.com/event/2026-seoul-mayoral-election-winner,1. ELECTORAL,Mayor,asia,2026
BWR-BRONSON-WIN-GOV_AK-CERTIFIED-ANY-2026,Who will win the governorship in Alaska?,Who will win the governorship in Alaska?,Will David Bronson win the 2026 Alaska governor election?,KXGOVAK-26-DBRO,23047817297095829703205789623007814925017477005361786493221231421140774736099,0.025,0.04,0.015,1861.0,0.0,1861.0,https://kalshi.com/events/KXGOVAK-26,https://polymarket.com/event/alaska-governor-election-winner,1. ELECTORAL,Governor,north_america,2026
BWR-RUBIO-WIN-PRES-CERTIFIED-ANY-2028,Who will win the next presidential election?,Who will win the next presidential election?,Will Marco Rubio win the 2028 US Presidential Election?,KXPRESPERSON-28-MRUB,11171618905857319805355893398009978356002287408842633593535559412449299952250,0.021000000000000005,0.123,0.102,2168851.0,4297040.372800002,6465891.372800002,https://kalshi.com/events/KXPRESPERSON-28,https://polymarket.com/event/presidential-election-winner-2028,1. ELECTORAL,President,north_america,2028
BWR-ESPAILLAT-WIN-DEM_NOM_NY13-PRIMARY-ANY-2026,Will Adriano Espaillat be the Democratic nominee for NY-13?,Will Adriano Espaillat be the Democratic nominee for NY-13?,Will Adriano Espaillat be the Democratic Nominee for NY-13?,KXNY13D-26-AESP,32267317137576261468029282489488620944358875503578558321905938935435579396497,0.020000000000000018,0.65,0.63,1524.0,0.0,1524.0,https://kalshi.com/events/KXNY13D-26,https://polymarket.com/event/ny-13-democratic-primary-winner,1. ELECTORAL,House,north_america,2026
BWR-DEM-WIN-SENATE_TX-CERTIFIED-ANY-2026,Will Democratics win the Senate race in Texas?,Will Democratics win the Senate race in Texas?,Will the Democrats win the Texas Senate race in 2026?,SENATETX-26-D,15290572385458522370285732869432740297199321382471116558439914335588167718663,0.020000000000000018,0.45,0.43,811201.0,48848.433840000005,860049.43384,https://kalshi.com/events/SENATETX-26,https://polymarket.com/event/texas-senate-election-winner,1. ELECTORAL,Senate,north_america,2026
BWR-LARRIETT-WIN-DEM_NOM_SEN_AL-PRIMARY-ANY-2026,Wil Dakarai Larriett be the Democratic nominee for the Senate in Alabama?,Wil Dakarai Larriett be the Democratic nominee for the Senate in Alabama?,Will Dakarai Larriett be the Democratic nominee for Senate in Alabama?,KXSENATEALD-26-DLAR,84105352370131155722647363201789721788975849990521409198749642413041733766938,0.020000000000000018,0.26,0.24,886.0,0.0,886.0,https://kalshi.com/events/KXSENATEALD-26,https://polymarket.com/event/alabama-democratic-senate-primary-winner,1. ELECTORAL,Senate,north_america,2026
BWR-GOP-WIN-HOUSE_OK_05-CERTIFIED-ANY-2026,Will Republican win the House race for OK-05?,Will Republican win the House race for OK-05?,Will the Democratic Party win the PA-06 House seat?,KXHOUSERACE-OK05-26-R,75861969442616342241965032610219309940741606510029546220870288494346571765407,0.020000000000000018,0.89,0.91,2.0,0.0,2.0,https://kalshi.com/events/KXHOUSERACE-OK05-26,https://polymarket.com/event/pa-06-house-election-winner,1. ELECTORAL,House,north_america,2026
BWR-DEM-WIN-GOV_ME-CERTIFIED-ANY-2026,Will the Democratic party win the governorship in Maine,Will the Democratic party win the governorship in Maine,Will the Democrats win the Maine governor race in 2026?,GOVPARTYME-26-D,92845243966002494782242842696395378111295494684532387488276103452077216171518,0.020000000000000018,0.87,0.89,3626.0,0.0,3626.0,https://kalshi.com/events/GOVPARTYME-26,https://polymarket.com/event/maine-governor-winner-2026,1. ELECTORAL,Governor,north_america,2026
BWR-WILSON-WIN-GOV_AK-CERTIFIED-ANY-2026,Who will win the governorship in Alaska?,Who will win the governorship in Alaska?,Will Bernadette Wilson win the 2026 Alaska governor election?,KXGOVAK-26-BWIL,64751505184958139146196081658481476813866015817972108997333100399972093820939,0.020000000000000018,0.17,0.15,5079.0,128633.02575599996,133712.02575599996,https://kalshi.com/events/KXGOVAK-26,https://polymarket.com/event/alaska-governor-election-winner,1. ELECTORAL,Governor,north_america,2026
BWR-GOP-WIN-HOUSE_OH09-CERTIFIED-ANY-2026,Will Republican win the House race for OH-9?,Will Republican win the House race for OH-9?,Will the Republican Party win the OH-09 House seat?,HOUSEOH9-26-R,1392410276241558895170046711665006919836562823224803680698795928242417982735,0.020000000000000018,0.32,0.3,2459.0,0.0,2459.0,https://kalshi.com/events/HOUSEOH9-26,https://polymarket.com/event/oh-09-house-election-winner,1. ELECTORAL,House,north_america,2026
BWR-GOP-WIN-HOUSE_TX15-CERTIFIED-ANY-2026,Will Republican win the House race for TX-15?,Will Republican win the House race for TX-15?,Will the Republican Party win the TX-15 House seat?,HOUSETX15-26-R,288881405005644701938669382130096221659404307173045178355284864479406728774,0.020000000000000018,0.44,0.42,4339.0,0.0,4339.0,https://kalshi.com/events/HOUSETX15-26,https://polymarket.com/event/tx-15-house-election-winner,1. ELECTORAL,House,north_america,2026
BWR-DEM-WIN-HOUSE_CA_21-CERTIFIED-ANY-2026,Will a Democrat win the House race for CA-21?,Will a Democrat win the House race for CA-21?,Will the Democratic Party win the CA-21 House seat?,HOUSECA21-26-D,9839394132167490569494811921928425917610245224143989073663541732846436833998,0.020000000000000018,0.85,0.87,1942.0,0.0,1942.0,https://kalshi.com/events/HOUSECA21-26,https://polymarket.com/event/ca-21-house-election-winner,1. ELECTORAL,House,north_america,2026
BWR-DEM-WIN-HOUSE_CA_41-CERTIFIED-ANY-2026,Will Democratic win the House race for CA-41?,Will Democratic win the House race for CA-41?,Will the Democratic Party win the CA-41 House seat?,HOUSECA41-26-D,48593915301513824754675795036918399098342443342199462614665200546792921742958,0.020000000000000018,0.89,0.91,5936.0,0.0,5936.0,https://kalshi.com/events/HOUSECA41-26,https://polymarket.com/event/ca-41-house-election-winner,1. ELECTORAL,House,north_america,2026
BWR-DEM-WIN-HOUSE_CA_47-CERTIFIED-ANY-2026,Will Democratic win the House race for CA-47?,Will Democratic win the House race for CA-47?,Will the Democratic Party win the CA-47 House seat?,HOUSECA47-26-D,23550083646669959729728201378229661225715650257894963073625400004845620304219,0.020000000000000018,0.9,0.92,2780.0,0.0,2780.0,https://kalshi.com/events/HOUSECA47-26,https://polymarket.com/event/ca-47-house-election-winner,1. ELECTORAL,House,north_america,2026
BWR-DEM-WIN-HOUSE_GA-13-CERTIFIED-ANY-2026,Will Democratic win the House race for GA-13?,Will Democratic win the House race for GA-13?,Will the Democratic Party win the GA-13 House seat?,KXHOUSERACE-GA13-26-D,92366745958982953364146635159406186196503900280465649334522612642814735137916,0.020000000000000018,0.96,0.94,11.0,0.0,11.0,https://kalshi.com/events/KXHOUSERACE-GA13-26,https://polymarket.com/event/ga-13-house-election-winner,1. ELECTORAL,House,north_america,2026
BWR-GOP-WIN-HOUSE_LA05-CERTIFIED-ANY-2026,Will Republican win the House race for LA-05?,Will Republican win the House race for LA-05?,Will the Republican Party win the LA-05 House seat?,KXHOUSERACE-LA05-26-R,9955638384017424271469919771014656710534847362374264075493263668768212521280,0.020000000000000018,0.92,0.9,12826.0,0.0,12826.0,https://kalshi.com/events/KXHOUSERACE-LA05-26,https://polymarket.com/event/la-05-house-election-winner,1. ELECTORAL,House,north_america,2026
BWR-GOP-WIN-HOUSE_NE03-CERTIFIED-ANY-2026,Will Republican win the House race for NE-03?,Will Republican win the House race for NE-03?,Will the Republican Party win the NE-03 House seat?,KXHOUSERACE-NE03-26-R,91300017102252744648942921538936973840299076121429315651396774465959092826144,0.020000000000000018,0.9,0.92,157.0,0.0,157.0,https://kalshi.com/events/KXHOUSERACE-NE03-26,https://polymarket.com/event/ne-03-house-election-winner,1. ELECTORAL,House,north_america,2026
BWR-DEM-WIN-HOUSE_NY01-CERTIFIED-ANY-2026,Will Democratic win the House race for NY-01?,Will Democratic win the House race for NY-01?,Will the Democratic Party win the NY-01 House seat?,KXHOUSERACE-NY01-26-D,1309236961796814213282116190073921143698457854457840407101156157351932472760,0.020000000000000018,0.33,0.31,1897.0,0.0,1897.0,https://kalshi.com/events/KXHOUSERACE-NY01-26,https://polymarket.com/event/ny-01-house-election-winner,1. ELECTORAL,House,north_america,2026
BWR-GOP-WIN-HOUSE_OH_08-CERTIFIED-ANY-2026,Will Republican win the House race for OH-08?,Will Republican win the House race for OH-08?,Will the Republican Party win the OH-08 House seat?,KXHOUSERACE-OH08-26-R,42119636600548779107795725736527865045730544132731239274493597253506213729505,0.020000000000000018,0.84,0.82,5.0,0.0,5.0,https://kalshi.com/events/KXHOUSERACE-OH08-26,https://polymarket.com/event/oh-08-house-election-winner,1. ELECTORAL,House,north_america,2026
BWR-DEM-WIN-HOUSE_OH_08-CERTIFIED-ANY-2026,Will Democratic win the House race for OH-08?,Will Democratic win the House race for OH-08?,Will the Democratic Party win the OH-08 House seat?,KXHOUSERACE-OH08-26-D,46964024026115347984409938830031994583095125127634160315207086942908263517995,0.020000000000000018,0.12,0.14,25.0,0.0,25.0,https://kalshi.com/events/KXHOUSERACE-OH08-26,https://polymarket.com/event/oh-08-house-election-winner,1. ELECTORAL,House,north_america,2026
BWR-GOP-WIN-HOUSE_TX26-CERTIFIED-ANY-2026,Will Republican win the House race for TX-26?,Will Republican win the House race for TX-26?,Will the Republican Party win the TX-26 House seat?,KXHOUSERACE-TX26-26-R,6313430895120244401027950861472377480960423973541524975676914054183454931999,0.020000000000000018,0.86,0.88,214.0,1972.398175,2186.3981750000003,https://kalshi.com/events/KXHOUSERACE-TX26-26,https://polymarket.com/event/tx-26-house-election-winner,1. ELECTORAL,House,north_america,2026
BWR-GOP-WIN-HOUSE_TX31-CERTIFIED-ANY-2026,Will Republican win the House race for TX-31?,Will Republican win the House race for TX-31?,Will the Republican Party win the TX-31 House seat?,KXHOUSERACE-TX31-26-R,111324928603828804424107098707648604143021759890404592673036598638076199443376,0.020000000000000018,0.85,0.83,314.0,1985.244898,2299.244898,https://kalshi.com/events/KXHOUSERACE-TX31-26,https://polymarket.com/event/tx-31-house-election-winner,1. ELECTORAL,House,north_america,2026
BWR-GOP-WIN-HOUSE_WI06-CERTIFIED-ANY-2026,Will Republican win the House race for WI-06?,Will Republican win the House race for WI-06?,Will the Republican Party win the WI-06 House seat?,KXHOUSERACE-WI06-26-R,7741070577683585704352463133430103626716949314240091001063049081898297959951,0.020000000000000018,0.86,0.84,1202.0,0.0,1202.0,https://kalshi.com/events/KXHOUSERACE-WI06-26,https://polymarket.com/event/wi-06-house-election-winner,1. ELECTORAL,House,north_america,2026
BWR-MURKOWSKI-LEAVE-GOP-ANY_MEANS-ANY-2026,Will Lisa Murkowski leave the Republican?,Will Lisa Murkowski leave the Republican?,Lisa Murkowski leaves the Republican Party in 2026?,KXMTGSWITCH-27JAN-LMURK,86253848915417043803347953966429044020958744489116871137160098519344524547976,0.020000000000000018,0.2,0.18,18789.0,0.0,18789.0,https://kalshi.com/events/KXMTGSWITCH-27JAN,https://polymarket.com/event/lisa-murkowski-leaves-the-republican-party-in-2026,11. PARTY_POLITICS,,,
BWR-TRUMP-VISIT-IN-PHYSICAL_PRESENCE-ANY-2026,"Will Donald Trump visit India before Jan 1, 2027?","Will Donald Trump visit India before Jan 1, 2027?",Will Donald Trump visit India in 2026?,KXTRUMPCOUNTRIES-27JAN01-IND,47666436583621660542235285693141260997828916230294735833222876953491789450641,0.020000000000000018,0.36,0.38,7554.0,0.0,7554.0,https://kalshi.com/events/KXTRUMPCOUNTRIES-27JAN01,https://polymarket.com/event/which-countries-will-donald-trump-visit-in-2026,6. INTERNATIONAL,,north_america,
BWR-DEM-WIN-HOUSE_PA14-CERTIFIED-ANY-2026,Will Democratic win the House race for PA-14?,Will Democratic win the House race for PA-14?,Will the Democratic Party win the PA-14 House seat?,KXHOUSERACE-PA14-26-D,99812435088801422535655555993774789025373179257535038169653246751348776918066,0.020000000000000004,0.05,0.07,127.0,0.0,127.0,https://kalshi.com/events/KXHOUSERACE-PA14-26,https://polymarket.com/event/pa-14-house-election-winner,1. ELECTORAL,House,north_america,2026
BWR-GOP-WIN-GOV_IL-CERTIFIED-ANY-2026,Will the Republican party win the governorship in Illinois,Will the Republican party win the governorship in Illinois,Will the Republicans win the Illinois governor race in 2026?,GOVPARTYIL-26-R,84456939894380206199554748929444222951802944556070526261308395410636849018567,0.020000000000000004,0.08,0.06,4762.0,0.0,4762.0,https://kalshi.com/events/GOVPARTYIL-26,https://polymarket.com/event/illinois-governor-winner-2026,1. ELECTORAL,Governor,north_america,2026
BWR-DEM-WIN-GOV_OK-CERTIFIED-ANY-2026,Will the Democratic party win the governorship in Oklahoma,Will the Democratic party win the governorship in Oklahoma,Will the Democrats win the Oklahoma governor race in 2026?,GOVPARTYOK-26-D,37700214927702560862325287464231700075479667077774217635210792305464305010407,0.020000000000000004,0.08,0.06,40468.0,0.0,40468.0,https://kalshi.com/events/GOVPARTYOK-26,https://polymarket.com/event/oklahoma-governor-winner-2026,1. ELECTORAL,Governor,north_america,2026
BWR-DEM-WIN-GOV_SC-CERTIFIED-ANY-2026,Will the Democratic party win the governorship in South Carolina,Will the Democratic party win the governorship in South Carolina,Will the Democrats win the South Carolina governor race in 2026?,GOVPARTYSC-26-D,69673263487139231624315897585768201230841320475352635832819992690850228911127,0.020000000000000004,0.09,0.11,4225.0,2931.8454099999994,7156.84541,https://kalshi.com/events/GOVPARTYSC-26,https://polymarket.com/event/south-carolina-governor-winner-2026,1. ELECTORAL,Governor,north_america,2026
BWR-DEM-WIN-SEN_KS-CERTIFIED-ANY-2026,Will Democratics win the Senate race in Kansas?,Will Democratics win the Senate race in Kansas?,Will the Democrats win the Kansas Senate race in 2026?,SENATEKS-26-D,75079868093228966915894372964099062660587490227046756021175661325867722540666,0.020000000000000004,0.13,0.11,17926.0,0.0,17926.0,https://kalshi.com/events/SENATEKS-26,https://polymarket.com/event/kansas-senate-election-winner,1. ELECTORAL,Senate,north_america,2026
BWR-DEM-WIN-SENATE_TN-CERTIFIED-ANY-2026,Will Democratics win the Senate race in Tennessee?,Will Democratics win the Senate race in Tennessee?,Will the Democrats win the Tennessee Senate race in 2026?,SENATETN-26-D,109770398277480657132311708823042764648778271467537669934185093015733099277755,0.020000000000000004,0.06,0.08,24637.0,0.0,24637.0,https://kalshi.com/events/SENATETN-26,https://polymarket.com/event/tennessee-senate-election-winner,1. ELECTORAL,Senate,north_america,2026
BWR-GOP-WIN-HOUSE_CA11-CERTIFIED-ANY-2026,Will Republican win the House race for CA-11?,Will Republican win the House race for CA-11?,Will the Republican Party win the CA-11 House seat?,KXHOUSERACE-CA11-26-R,55041019516151972530389030667526540644897041416557870078518647689170714451932,0.020000000000000004,0.03,0.05,313.0,0.0,313.0,https://kalshi.com/events/KXHOUSERACE-CA11-26,https://polymarket.com/event/ca-11-house-election-winner,1. ELECTORAL,House,north_america,2026
BWR-GOP-WIN-HOUSE_CA35-CERTIFIED-ANY-2026,Will Republican win the House race for CA-35?,Will Republican win the House race for CA-35?,Will the Republican Party win the CA-35 House seat?,KXHOUSERACE-CA35-26-R,3284653226570637857998196480251716800749279338836255788397084171503787596925,0.020000000000000004,0.03,0.05,1.0,1201.687825,1202.687825,https://kalshi.com/events/KXHOUSERACE-CA35-26,https://polymarket.com/event/ca-35-house-election-winner,1. ELECTORAL,House,north_america,2026
BWR-DEM-WIN-HOUSE_GA-08-CERTIFIED-ANY-2026,Will Democratic win the House race for GA-08?,Will Democratic win the House race for GA-08?,Will the Democratic Party win the GA-08 House seat?,KXHOUSERACE-GA08-26-D,84512697678880016659809590801410913107082508653974839272171655909541653911848,0.020000000000000004,0.05,0.07,810.0,3308.975885,4118.975885,https://kalshi.com/events/KXHOUSERACE-GA08-26,https://polymarket.com/event/ga-08-house-election-winner,1. ELECTORAL,House,north_america,2026
BWR-DEM-WIN-HOUSE_GA-11-CERTIFIED-ANY-2026,Will Democratic win the House race for GA-11?,Will Democratic win the House race for GA-11?,Will the Democratic Party win the GA-11 House seat?,KXHOUSERACE-GA11-26-D,72900022567886343853178791815126963203359299208775840478222238101389988850285,0.020000000000000004,0.11,0.13,1369.0,0.0,1369.0,https://kalshi.com/events/KXHOUSERACE-GA11-26,https://polymarket.com/event/ga-11-house-election-winner,1. ELECTORAL,House,north_america,2026
BWR-GOP-WIN-HOUSE_KY03-CERTIFIED-ANY-2026,Will Republican win the House race for KY-03?,Will Republican win the House race for KY-03?,Will the Republican Party win the KY-03 House seat?,KXHOUSERACE-KY03-26-R,17534329177760543836108056018207366389963148966130633139116315928296299849346,0.020000000000000004,0.05,0.07,947.0,2813.3312750000005,3760.3312750000005,https://kalshi.com/events/KXHOUSERACE-KY03-26,https://polymarket.com/event/ky-03-house-election-winner,1. ELECTORAL,House,north_america,2026
BWR-GOP-WIN-HOUSE_MD04-CERTIFIED-ANY-2026,Will Republican win the House race for MD-04?,Will Republican win the House race for MD-04?,Will the Republican Party win the MD-04 House seat?,KXHOUSERACE-MD04-26-R,112293027029934013424926753242806823049661563194221931969519694898533434474377,0.020000000000000004,0.03,0.05,102.0,0.0,102.0,https://kalshi.com/events/KXHOUSERACE-MD04-26,https://polymarket.com/event/md-04-house-election-winner,1. ELECTORAL,House,north_america,2026
BWR-GOP-WIN-HOUSE_NM01-CERTIFIED-ANY-2026,Will Republican win the House race for NM-01?,Will Republican win the House race for NM-01?,Will the Republican Party win the NM-01 House seat?,KXHOUSERACE-NM01-26-R,79375297406693186586972606449423536722162631962849208873011542778923457725926,0.020000000000000004,0.08,0.06,1049.0,0.0,1049.0,https://kalshi.com/events/KXHOUSERACE-NM01-26,https://polymarket.com/event/nm-01-house-election-winner,1. ELECTORAL,House,north_america,2026
BWR-DEM-WIN-HOUSE_SC04-CERTIFIED-ANY-2026,Will Democratic win the House race for SC-04?,Will Democratic win the House race for SC-04?,Will the Democratic Party win the SC-04 House seat?,KXHOUSERACE-SC04-26-D,37527237658933698356045700215026959746358379876042971070301458333221306049121,0.020000000000000004,0.08,0.1,203.0,0.0,203.0,https://kalshi.com/events/KXHOUSERACE-SC04-26,https://polymarket.com/event/sc-04-house-election-winner,1. ELECTORAL,House,north_america,2026
BWR-GOP-WIN-HOUSE_TX07-CERTIFIED-ANY-2026,Will Republican win the House race for TX-07?,Will Republican win the House race for TX-07?,Will the Republican Party win the TX-07 House seat?,KXHOUSERACE-TX07-26-R,95492588617744560296244561833394875528542106861565937270516303134458736016311,0.020000000000000004,0.07,0.05,3393.0,0.0,3393.0,https://kalshi.com/events/KXHOUSERACE-TX07-26,https://polymarket.com/event/tx-07-house-election-winner,1. ELECTORAL,House,north_america,2026
BWR-DEM-WIN-HOUSE_WI07-CERTIFIED-ANY-2026,Will Democratic win the House race for WI-07?,Will Democratic win the House race for WI-07?,Will the Democratic Party win the WI-07 House seat?,KXHOUSERACE-WI07-26-D,94663926712554421931535260924284570215917102894188198961079038062650064148693,0.020000000000000004,0.11,0.13,1150.0,0.0,1150.0,https://kalshi.com/events/KXHOUSERACE-WI07-26,https://polymarket.com/event/wi-07-house-election-winner,1. ELECTORAL,House,north_america,2026
BWR-FED-CUT-FFR-SPECIFIC_MEETING-25BPS-JUL2026,Will the Federal Reserve Cut rates by 25bps at their July 2026 meeting?,Will the Federal Reserve Cut rates by 25bps at their July 2026 meeting?,Will the Fed decrease interest rates by 25 bps after the July 2026 meeting?,KXFEDDECISION-26JUL-C25,107111506004559425167535337910569809007100298896139468418632748246491535011700,0.020000000000000004,0.13,0.11,457.0,0.0,457.0,https://kalshi.com/events/KXFEDDECISION-26JUL,,2. MONETARY_POLICY,,north_america,
BWR-DEM-WIN-GOV_SD-CERTIFIED-ANY-2026,Will the Democratic party win the governorship in South Dakota,Will the Democratic party win the governorship in South Dakota,Will the Democrats win the South Dakota governor race in 2026?,GOVPARTYSD-26-D,19857809653204352084235953967001149759321806996646353766198011041287290557051,0.02,0.02,0.04,220.0,1301.2372549999995,1521.2372549999995,https://kalshi.com/events/GOVPARTYSD-26,https://polymarket.com/event/south-dakota-governor-winner-2026,1. ELECTORAL,Governor,north_america,2026
